MARCO;;;;;07-NOV-17
;;LISTADO DE ESPECIES POR CÓDIGO IEO

PROYECTO :AREA ICES


COD.IEO;NOMBRE CIENTÍFICO;NOMBRE OFICIAL;AUTOR;ALFA3;TAXONÓMICO FAO;NODC;RUBIN
00000;VIDA;;;;;;
00001;Porifera;Esponjas;Grant, 1836;PFR;;;
00002;Cnidaria;;Hatschek, 1888;CNI;;;
00003;Ctenophora;;Eschscholtz, 1829;;;38;
00009;Nemertea;;Schultze;;;;
00016;Priapulida;;(Théel, 1906);;;;
00022;Sipuncula;;(Raffinesque, 1814);;;;
00023;Annelida;;Lamarck, 1801;NHE;;50;
00026;Bryozoa;;Ehrenberg, 1831;BZN;;;
00027;Brachiopoda;;Duméril, 1806;BVH;;;
00030;Echinodermata;;Klein, 1734;ECH;689XXXXXXX;81;
00032;Tunicata;;Lamarck, 1816;;;;
00050;Algae;;;SWX;;;
10000;Pisces;Peces;;MZZ;199XXXXXXX;;
10001;Petromyzontidae;Lampreas;Linnaeus, 1758;LAS;10201XXXXX;;
10003;Petromyzon marinus;Lamprea de mar;Linnaeus, 1758;LAU;1020100101;8603010301;
10005;Heptranchias perlo;Bocadulce;(Bonnaterre, 1788);HXT;1050200301;8705020301;HEPT PER
10006;Hexanchus griseus;Cañabota;(Bonnaterre, 1788);SBL;1050200201;8705020101;HEXA GRI
10007;Cetorhinus maximus;Tiburón peregrino;(Gunnerus, 1765);BSK;1060100301;8707040201;CETO MAX
10009;Carcharias taurus;Tiburón toro;Rafinesque, 1810;CCT;1060200501;;
10010;Alopias vulpinus;Zorro blanco;(Bonnaterre, 1788);ALV;1060600601;8707040401;ALOP VUL
10012;Lamnidae;Cailones;Müller et Henle, 1838;MSK;10608XXXXX;8707040000;LAMNIDAX
10013;Isurus oxyrinchus;Marrajo;Rafinesque, 1810;SMA;1060800201;8707040501;ISUR OXY
10014;Lamna nasus;Cailón;(Bonnaterre, 1788);POR;1060800301;8707040302;LAMN NAS
10018;Galeus spp;Bocanegras;Rafinesque, 1810;GAU;10801001XX;8708010200;GALEUS Z
10019;Galeus melastomus;Bocanegra;Rafinesque, 1810;SHO;1080100104;8708010203;GALE MEL
10020;Scyliorhinus spp;Pintarrojas;Blainville, 1816;SCL;10801003XX;8708010300;
10021;Scyliorhinus stellaris;Alitán;(Linnaeus, 1758);SYT;1080100302;8708010306;
10022;Scyliorhinus canicula;Pintarroja;(Linnaeus, 1758);SYC;1080100301;8708010307;SCYL CAN
10025;Prionace glauca;Tintorera;(Linnaeus, 1758);BSH;1080200401;8708020601;
10035;Sphyrna tudes;Cornuda ojichica;(Valenciennes, 1822);SPQ;1080300508;8708030105;
10039;Sphyrna mokarran;Tiburón martillo;(Rüppell, 1837);SPK;1080300510;;
10040;Triakidae;;Gray, 1851;TRK;10804XXXXX;;
10041;Mustelus punctulatus;Musola punteada;Risso, 1826;MPT;1080400720;8708020410;
10042;Mustelus spp;Musolas;Linck, 1790;SDV;10804007XX;8708020400;
10044;Mustelus mustelus;Musola;(Linnaeus, 1758);SMD;1080400713;8708020409;
10045;Mustelus asterias;Musola pintada;Cloquet, 1821;SDS;1080400715;8708020408;
10047;Galeorhinus galeus;Cazón;(Linnaeus, 1758);GAG;1080401103;8708020102;GALE GAL
10048;Squaliformes;;Compagno, 1973;SHX;109XXXXXXX;;
10049;Centroscymnus coelolepis;Pailona;Bocage et Capello, 1864;CYO;1090101601;8710011201;CENT COE
10050;Deania calcea;Tollo picudo;(Lowe, 1839);DCA;1090101401;8710011401;DEAN CAL
10051;Scymnodon ringens;Tiburón bruja;Bocage et Capello, 1864;SYR;1090101702;;
10052;Squalidae;Mielgas, galludos, tollos;Blainville, 1816;DGX;10901XXXXX;8710010000;
10053;Somniosus rostratus;Tollo boreal;(Risso, 1827);SOR;1090100202;;
10055;Squalus spp;Galludos;Linnaeus, 1758;DGZ;10901007XX;8710010200;
10056;Squalus acanthias;Mielga;Linnaeus, 1758;DGS;1090100704;8710010201;
10059;Centrophorus granulosus;Quelve;(Bloch et Schneider, 1801);GUP;1090100801;8710010301;CENT GRS
10060;Centrophorus squamosus;Quelvacho;(Bonnaterre, 1788);GUQ;1090100803;8710010302;
10061;Etmopterus pusillus;Tollo lucero liso;(Lowe, 1839);ETP;1090101006;;ETMO PUS
10062;Etmopterus spinax;Negrito;(Linnaeus, 1758);ETX;1090101001;8710010510;ETMO SPI
10063;Dalatias licha;Lija negra;(Bonnaterre, 1788);SCK;1090101801;8710010401;DALA LIC
10067;Squatina squatina;Angelote;(Linnaeus, 1758);AGN;1090300401;8711010103;
10068;Oxynotus centrina;Cerdo marino;(Linnaeus, 1758);OXY;1090500601;8710010702;
10071;Rajiformes;Rayas, mantas y guitarras;;SRX;110XXXXXXX;;RAJIFORM
10079;Rostroraja alba;Raya bramante;(Lacepède, 1803);RJA;1100400125;8713040151;RAJA ALB
10080;Dipturus oxyrinchus;Picón;(Linnaeus, 1758);RJO;1100400111;8713040145;RAJA OXY
10083;Raja africana;Raya africana;Capapé, 1977;JRF;1100400135;;
10085;Raja miraletus;Raya de espejos;Linnaeus, 1758;JAI;1100400186;8713040136;RAJA MIR
10087;Dipturus batis;Noriega;(Linnaeus, 1758);RJB;1100400101;8713040143;RAJA BAI
10088;Leucoraja fullonica;Raya cardadora;(Linnaeus, 1758);RJF;1100400107;8713040146;RAJA FUL
10089;Raja spp;Rayas;Linnaeus, 1758;SKA;11004001XX;8713040100;RAJA   Z
10090;Raja clavata;Raya de clavos;Linnaeus, 1758;RJC;1100400102;8713040159;RAJA CLA
10091;Raja montagui;Raya pintada;Fowler, 1910;RJM;1100400104;8713040141;RAJA MON
10092;Leucoraja naevus;Raya santiaguesa;(Müller et Henle, 1841);RJN;1100400110;8713040148;RAJA NAE
10093;Raja microocellata;Raya de ojos;Montagu, 1818;RJE;1100400109;8713040140;RAJA MIC
10094;Raja brachyura;Raya boca de rosa;Lafont, 1873;RJH;1100400105;8713040138;RAJA BRA
10095;Raja undulata;Raya mosaico;Lacepède, 1802;RJU;1100400112;8713040158;RAJA UND
10096;Raja asterias;Raya estrellada;Delaroche, 1809;JRS;1100400137;8713040137;RAJA SAT
10097;Leucoraja circularis;Raya falsavela;(Couch, 1838);RJI;1100400106;8713040147;RAJA CIR
10100;Dasyatis centroura;Raya látigo lija;(Mitchill, 1815);RDC;1100500307;8713050104;DASY CEN
10101;Dasyatis spp;Pastinacas;Rafinesque, 1810;STI;11005003XX;8713050100;DASYATIZ
10102;Pteroplatytrygon violacea;Raya látigo violeta;(Bonaparte, 1832);PLS;1100500316;;DASY VIO
10103;Dasyatis pastinaca;Chucho;(Linnaeus, 1758);JDP;1100500326;8713050111;DASY PAS
10104;Myliobatis aquila;Águila marina;(Linnaeus, 1758);MYL;1100700801;8713070204;
10105;Istiophorus spp;Peces vela;Lacepède, 1801;;17503XXXXX;;ISTIOPHZ
10107;Pteromylaeus bovinus;Obispo;(Geoffroy Saint-Hilaire, 1817);MPO;1100701102;8713070401;
10110;Torpedo nobiliana;Tremolina negra;Bonaparte, 1835;TTO;1110100208;8713030102;
10111;Torpedo spp;Tembladeras;Houttuyn, 1764;TOE;11101002XX;8713030100;
10112;Torpedo torpedo;Tremolina;(Linnaeus, 1758);TTV;1110100213;8713030104;
10113;Torpedo marmorata;Tembladera;Risso, 1810;TTR;1110100207;8713030105;
10114;Chimaera monstrosa;Quimera;Linnaeus, 1758;CMO;1120100301;8716020202;CHIM MON
10120;Acipenser sturio;Esturión;Linnaeus, 1758;APU;1170100101;8729010107;ACIP STU
10123;Clupeiformes;;;CLU;121XXXXXXX;;CLUPEIFO
10125;Stomias boa boa;Boa;(Risso, 1810);SBB;1250300901;8759070205;
10126;Paralepis coregonoides;;Risso, 1820;PIR;1311101601;8762070402;
10134;Clupea harengus;Arenque del Atlántico;Linnaeus, 1758;HER;1210500105;8747010201;CLUP HAR
10135;Alosa spp;Sábalos;Linck, 1790;SHZ;12105011XX;88450101;ALOSA  Z
10137;Alosa alosa;Sábalo;(Linnaeus, 1758);ASD;1210501104;8747010107;ALOS ALO
10138;Alosa fallax;Saboga;(Lacepède, 1803);TSD;1210501105;8747010109;ALOS FAL
10139;Alosa caspia caspia;Sábalo del mar Negro;(Eichwald, 1838);CUI;1210501101;8747010108;ALOS CAS
10141;Sardinella aurita;Alacha;Valenciennes, 1847;SAA;1210501210;8747011001;
10142;Sardinella maderensis;Machuelo;(Lowe, 1838);SAE;1210501217;8747011005;
10146;Brevoortia pectinata;Lacha argentina;(Jenyns, 1842);MHP;1210502402;;
10148;Ethmalosa fimbriata;Sábalo africano;(Bowdich, 1825);BOA;1210503002;;
10152;Sardina pilchardus;Sardina;(Walbaum, 1792);PIL;1210506401;8747012201;SARD PIL
10153;Sprattus sprattus;Espadín;(Linnaeus, 1758);SPR;1210506601;8747011701;SPRA SPR
10156;Engraulis encrasicolus;Boquerón;(Linnaeus, 1758);ANE;1210600201;8747020104;ENGR ENC
10158;Engraulis japonicus;Anchoa del Cabo;Temminck et Schlegel, 1846;JAN;1210600202;8747020106;
10159;Xenodermichthys copei;;(Gill, 1884);AXC;1231407101;8760011201;
10160;Alepocephalus bairdii;Talismán celindra;Goode et Bean, 1879;ALC;1231400701;8760010305;ALEP BAI
10161;Alepocephalus rostratus;Talismán;Risso, 1820;PHO;1231400703;8760010302;ALEP ROS
10165;Salmo salar;Salmón;Linnaeus, 1758;SAL;1230100401;8755010305;SALM SAL
10166;Salmo trutta trutta;Trucha marina;Linnaeus, 1758;TRS;1230100402;8755010306;SALM TRU
10171;Argentina spp;Peces plata;Linnaeus, 1758;ARG;12305015XX;87560102;ARGENTIZ
10172;Argentina silus;Tomasa;(Ascanius, 1775);ARU;1230501503;8756010203;ARGE SIL
10173;Argentina sphyraena;Peón;Linnaeus, 1758;ARY;1230501504;8756010209;ARGE SPH
10175;Gonostomatidae;;Rafinesque, 1810;BRI;12501XXXXX;875901;GONOSTOX
10177;Maurolicus muelleri;Anchoa de fondo;(Gmelin, 1788);MAV;1250203001;8759010501;MAUR MUE
10178;Argyropelecus spp;Peces hacha;Cocco, 1829;;12502XXXX;87590201;ARGYROPZ
10179;Argyropelecus gigas;Pez hacha gigante;Norman, 1930;QRB;12502XXXXX;8759020105;ARGY GIG
10180;Argyropelecus olfersi;Pez hacha luminoso;(Cuvier, 1829);;12502XXXXX;8759020107;ARGY OLF
10181;Argyropelecus hemigymnus;Pez hacha;Cocco, 1829;QRC;12502XXXXX;8759020106;ARGY HEM
10182;Lampanyctus crocodilus;Pez linterna;(Risso, 1810);LYD;1320801702;8762140317;LAMP CRO
10183;Myctophidae;Peces linterna;;LXX;13208XXXXX;876214;
10184;Lampadena spp;;Goode et Bean in Gill, 1893;;13208XXXXX;87621412;LAMPADEZ
10185;Myctophum punctatum;Linterna negra;Rafinesque, 1810;MTP;1320801101;8762141504;
10186;Diaphus spp;;Eigenman et Eigenman, 1890;;13208XXXXX;87621402;DIAPHUSZ
10187;Electrona risso;;(Cocco, 1829);ELR;1320803001;;ELEC RIS
10189;Notoscopelus spp;;Günther, 1864;LAX;13208031XX;87621404;
10190;Notoscopelus kroeyeri;Pez linterna de Kroeyer;(Malm, 1861);;13208031XX;;
10191;Chlorophthalmus agassizi;Ojoverde;Bonaparte, 1840;CVW;13212XXXXX;;CHLO AGA
10204;Nemichthys scolopaceus;;Richardson, 1848;ANM;1432000701;8741210202;
10205;Anguilla spp;Anguilas;Schrank, 1798;ELX;14302002XX;87410101;ANGUILLZ
10206;Anguilla anguilla;Anguila europea;(Linnaeus, 1758);ELE;1430200201;8741010102;ANGU ANG
10207;Muraenidae;Morenas;;MUI;14306XXXXX;874105;
10213;Muraena helena;Morena;Linnaeus, 1758;MMH;1430600701;8741050505;
10216;Gnathophis mystax;Congrio dulce;(Delaroche, 1809);;14313XXXXX;8741120405;GNAT MYS
10218;Congridae;;;COX;14313XXXXX;874112;GONGRIDX
10220;Conger conger;Congrio;(Linnaeus, 1758);COE;1431300101;8741120111;CONG CON
10222;Notacanthus bonaparte;;Risso, 1840;;199XXXXXXX;8743030302;
10225;Belone belone;Aguja;(Linnaeus, 1761);GAR;1470100101;8803020502;BELO BEO
10230;Tylosurus acus imperialis;Aguja imperial;(Rafinesque, 1810);;1470101399;880302030102;
10232;Scomberesox saurus saurus;Paparda;(Walbaum, 1792);SAU;1470200201;8803030201;
10237;Enchelyopus cimbrius;Barbuda;(Linnaeus, 1766);ENC;1480404101;;
10238;Hirundichthys rondeletii;Golondrina de mar;(Valenciennes, 1847);HDR;1470402202;;HIRU RON
10245;Gadiformes;;;GAD;148XXXXXXX;8789;GADIFORM
10246;Raniceps raninus;Ranúnculo negro;(Linnaeus, 1758);RCR;1480401101;8791032301;
10247;Halargyreus johnsonii;Marujito galante;Günther, 1862;MHJ;1480200501;;HALA JOH
10248;Mora moro;Farol;(Risso, 1810);RIB;1480201001;8791010401;
10250;Antimora rostrata;Locha azul;(Günther, 1878);ANT;1480203001;8791010101;ANTI ROS
10251;Gadiculus argenteus argenteus;Marujito;Guichenot, 1850;GDG;1480402507;8791032101;GADI ARG
10252;Chaunax spp;;Lowe, 1846;;195XXXXXXX;;
10253;Brosme brosme;Brosmio;(Ascanius, 1772);USK;1480400101;8791031101;BROS BRO
10254;Gadus spp;Bacalaos;Linnaeus, 1758;CDZ;14804002XX;87910304;GADUS  Z
10255;Gadus morhua;Bacalao;Linnaeus, 1758;COD;1480400202;8791030402;GADU MOR
10256;Gadus macrocephalus;Bacalao del Pacífico;Tilesius, 1810;PCO;1480400211;8791030401;GADU MAC
10257;Molva spp;Marucas;Lesueur, 1819;LNZ;14804005XX;87910319;MOLV   Z
10258;Molva molva;Maruca;(Linnaeus, 1758);LIN;1480400501;8791031901;MOLV MOL
10259;Molva dypterygia;Arbitán;(Pennant, 1784);BLI;1480400502;8791031902;MOLV DYP
10260;Molva macrophthalma;Maruca azul;(Rafinesque, 1810);SLI;1480400504;;
10261;Phycis spp;Brótolas;Artedi, 1792;FOX;14804006XX;87910316;
10262;Phycis blennoides;Brótola de fango;(Brünnich, 1768);GFB;1480400601;8791031602;
10263;Phycis phycis;Brótola de roca;(Linnaeus, 1766);FOR;1480400602;;
10265;Melanogrammus aeglefinus;Eglefino;(Linnaeus, 1758);HAD;1480401001;8791031301;MELA AEG
10266;Gaidropsarus mediterraneus;Barbada;(Linnaeus, 1758);GGD;1480402805;8791032002;GAID MED
10267;Gaidropsarus vulgaris;Bertorella;(Cloquet, 1824);GGU;1480402806;8791032001;GAID VUL
10268;Gaidropsarus guttatus;Barbada canaria;(Collett, 1890);;14804028XX;;GAID GUT
10269;Pollachius virens;Carbonero;(Linnaeus, 1758);POK;1480401501;8791030901;POLL VIR
10270;Pollachius pollachius;Abadejo;(Linnaeus, 1758);POL;1480401502;8791030902;POLL POL
10271;Gaidropsarus spp;Barbadas;Rafinesque, 1810;ROL;14804028XX;87910320;GAIDROPZ
10272;Gaidropsarus biscayensis;Barbada mediterránea;(Collett, 1890);GGY;1480402803;;
10273;Trisopterus spp;Fanecas;Rafinesque, 1814;XOD;14804032XX;87910317;TRIPOPTZ
10274;Trisopterus esmarkii;Faneca noruega;(Nilsson, 1855);NOP;1480403201;8791031703;TRIS ESM
10275;Trisopterus minutus;Faneca menor;(Linnaeus, 1758);POD;1480403202;8791031701;TRIS MIN
10276;Trisopterus luscus;Faneca;(Linnaeus, 1758);BIB;1480403203;8791031702;TRIS LUS
10277;Micromesistius poutassou;Bacaladilla;(Risso, 1826);WHB;1480403301;8791032201;MICR POU
10279;Merlangius merlangus;Merlán;(Linnaeus, 1758);WHG;1480403401;8791031801;MERL MNG
10281;Merlucciidae;Merluzas y merluzas de cola;Gill, 1884;HKZ;14805XXXXX;;MERLUCCX
10282;Merluccius spp;Merluzas;Rafinesque, 1810;HKX;14805004XX;87910401;MERLUCCZ
10283;Merluccius merluccius;Merluza europea;(Linnaeus, 1758);HKE;1480500401;8791040105;MERL MCC
10284;Merluccius senegalensis;Merluza negra;Cadenat, 1950;HKM;1480500402;;MERL SEN
10285;Merluccius australis;Merluza austral;(Hutton, 1872);HKN;1480500403;8791040107;
10286;Merluccius bilinearis;Merluza americana;(Mitchill, 1814);HKS;1480500404;8791040101;MERL BIL
10288;Merluccius hubbsi;Merluza argentina;Marini, 1933;HKP;1480500406;8791040110;
10298;Trachyrincus scabrus;Pez rata;(Rafinesque, 1810);TSU;1480600802;8794011501;
10299;Nezumia aequalis;Pez ratón;(Günther, 1878);NZA;1480602102;8794010801;
10300;Nezumia sclerorhynchus;;(Valenciennes, 1838);NZS;1480602118;8794010805;
10301;Coelorinchus caelorhincus;Pez rata chato;(Risso, 1810);CQL;14806005XX;;
10302;Malacocephalus laevis;Abámbolo negro;(Lowe, 1843);MLL;1480602201;8794010601;MALA LAE
10305;Coryphaenoides rupestris;Granadero;Gunnerus, 1765;RNG;1480600401;8794010117;CORY RUP
10308;Macroramphosus spp;Trompeteros;Lacepède, 1803;SNI;15103XXXXX;;MACRORAZ
10310;Macroramphosus scolopax;Trompetero;(Linnaeus, 1758);SNS;1510300401;;MACR SCO
10313;Beryx spp;Alfonsinos;Cuvier, 1829;ALF;16102003XX;88100501;BERYX  Z
10314;Beryx decadactylus;Palometa roja;Cuvier, 1829;BXD;1610200301;8810050101;BERY DEC
10315;Beryx splendens;Alfonsino;Lowe, 1834;BYS;1610200302;8810050102;BERY SPL
10317;Hoplostethus atlanticus;Reloj anaranjado;Collett, 1889;ORY;1610500202;8810020201;HOPL ATL
10318;Hoplostethus mediterraneus;Reloj;Cuvier, 1829;HPR;1610500201;8810020202;
10320;Zeus faber;Pez de san Pedro;Linnaeus, 1758;JOD;1620100101;8811030301;ZEUS FAB
10321;Zenopsis conchifer;Pez de san Pedro americano;(Lowe, 1852);JOS;1620100401;;ZENO CON
10323;Capros aper;Ochavo;(Linnaeus, 1758);BOC;1620300201;8811060301;CAPR APE
10330;Sphyraena sphyraena;Espetón;(Linnaeus, 1758);YRS;1771000101;8837010118;
10331;Chelon labrosus;Muble;(Risso, 1827);MLR;1650100202;8836010704;CHEL LAB
10332;Mugilidae;Lisas;Cope, 1871;MUL;16501XXXXX;883601;
10334;Mugil spp;Pardetes;Linnaeus, 1758;MGS;16501001XX;88360101;
10335;Mugil cephalus;Pardete;Linnaeus, 1758;MUF;1650100102;8836010101;MUGI CEP
10336;Liza spp;Lisas;Jordan et Swain, 1884;LZZ;16501012XX;88360109;LIZA   Z
10337;Liza ramada;Morragute;(Risso, 1810);MGC;1650101202;8836010901;LIZA RAM
10338;Liza aurata;Lisa;(Risso, 1810);MGA;1650101203;8836010902;LIZA AUR
10341;Atherina spp;Pejerreyes;Linnaeus, 1758;AVX;16502001XX;88050210;ATHERIAZ
10342;Atherina presbyter;Chirrete;Cuvier, 1829;ATP;1630200303;8805021003;ATHE PRE
10344;Atherina boyeri;Pejerrey;Risso, 1810;ATB;1630200301;8805021002;ATHE BOY
10351;Hyperoplus lanceolatus;Pión;(E. Le Sauvage, 1824);YEZ;17204XXXXX;8845010301;HYPE LAN
10353;Remora brachyptera;Tardanaves;(Lowe, 1839);REY;1704200301;8835270104;
10354;Perciformes;Perciformes;Günther, 1880;DPX;17XXXXXXXX;8834;
10355;Remora remora;Rémora;(Linnaeus, 1758);REO;1704200302;8835270103;
10359;Terapon puta;Baraonga ronco;(Cuvier, 1829);TEU;1700408902;;
10372;Callanthias ruber;Siete colas;(Rafinesque, 1810);;17002XXXXX;;CALL RUB
10373;Serranidae;;;BSX;17002XXXXX;883502;
10374;Anthias anthias;Tres colas;(Linnaeus, 1758);AHN;1700208001;;ANTH ANT
10377;Mycteroperca rubra;Abade;(Bloch, 1793);MKU;1700204007;8835020510;
10378;Epinephelus fasciatus;Falso abade;(Forsskal, 1775);EEA;1700204258;;
10379;Epinephelus marginatus;Mero;(Lowe, 1834);GPD;1700204201;;
10380;Epinephelus spp;Meros;Bloch, 1793;GPX;17002042XX;88350204;EPINEPHZ
10381;Salvelinus alpinus;Trucha alpina;(Linnaeus, 1758);ACH;1230101005;;SALV ALP
10387;Epinephelus caninus;Cherne dentón;(Valenciennes, 1843);EFJ;1700204232;;EPIN CAN
10389;Polyprion americanus;Cherna;(Bloch et Schneider, 1801);WRF;1700205801;8835022801;
10390;Serranus spp;Serranos;Cuvier, 1816;BAS;17002061XX;88350223;
10391;Serranus cabrilla;Cabrilla;(Linnaeus, 1758);CBR;1700206101;8835022316;
10392;Serranus scriba;Serrano;(Linnaeus, 1758);SRK;1700206102;8835022313;
10394;Serranus hepatus;Merillo;(Linnaeus, 1758);SRJ;1700206109;8835022314;
10396;Dicentrarchus spp;Lubinas;Gill, 1860;BSE;17006345XX;88357501;DICENTRZ
10397;Dicentrarchus punctatus;Baila;(Bloch, 1792);SPU;1700634501;8835750102;DICE PUN
10398;Dicentrarchus labrax;Lubina;(Linnaeus, 1758);BSS;1700634503;8835750101;
10403;Epigonus telescopus;Tomás;(Risso, 1810);EPI;1709637301;8835180403;EPIG TEL
10404;Malacanthidae;;;TIS;17016XXXXX;883522;MALACANX
10407;Pomatomus saltatrix;Anjova;(Linnaeus, 1766);BLU;1702021301;;
10410;Carangidae;;;CGX;17023XXXXX;883528;CARANGIX
10412;Naucrates ductor;Pez piloto;(Linnaeus, 1758);NAU;1702305001;8835281501;
10413;Trachurus spp;Chicharros, jureles;Rafinesque, 1810;JAX;17023004XX;88352801;TRACHURZ
10414;Trachurus trachurus;Jurel;(Linnaeus, 1758);HOM;1702300401;8835280103;TRAC TRU
10415;Trachurus picturatus;Chicharro;(Bowdich, 1825);JAA;1702300402;8835280106;TRAC PIC
10416;Trachurus mediterraneus;Jurel mediterráneo;(Steindachner, 1868);HMM;1702300408;8835280105;TRAC MED
10417;Trachurus capensis;Jurel del Cabo;Castelnau, 1861;HMC;1702300413;8835280111;
10423;Caranx rhonchus;Jurel real;Geoffroy Saint-Hilaire, 1817;HMY;1702304442;;CARA RHO
10426;Trachinotus ovatus;Palometa blanca;(Linnaeus, 1758);POP;1702304706;8835280911;TRAC OVA
10427;Seriola spp;Peces limón;Cuvier, 1816;AMX;17023048XX;88352808;
10430;Seriola rivoliana;Medregal limón;Valenciennes, 1833;YTL;1702304814;8835280803;
10431;Seriola dumerili;Pez de limón;(Risso, 1810);AMB;1702304801;8835280801;
10433;Lichia amia;Palometón;(Linnaeus, 1758);LEE;1702307202;8835282401;LICH AMI
10438;Campogramma glaycos;Lirio;(Lacepède, 1801);VAD;1702352601;;CAMP GLA
10440;Taractichthys longipinnis;Peje tostón;(Lowe, 1843);TAL;1702700403;;
10441;Brama brama;Palometa negra;(Bonnaterre, 1788);POA;1702700301;8835710102;BRAM BRA
10443;Coryphaena hippurus;Llampuga;Linnaeus, 1758;DOL;1702807101;8835290101;CORY HIP
10454;Parapristipoma octolineatum;Burro listado;(Valenciennes, 1833);GRA;1703619705;;
10455;Plectorhinchus mediterraneus;Burro;(Guichenot, 1850);GBR;1703620705;;
10456;Pomadasys incisus;Roncador;(Bowdich, 1825);BGR;1703620918;;
10461;Sciaenidae;;;CDX;17037XXXXX;883544;
10462;Sciaena spp;;Linnaeus, 1758;DRU;17037009XX;88354414;
10463;Sciaena umbra;Corvallo;Linnaeus, 1758;CBM;1703700921;8835441404;
10468;Umbrina spp;Verrugatos;Cuvier, 1816;UBS;17037070XX;88354411;UMBRINAZ
10469;Umbrina cirrosa;Verrugato;(Linnaeus, 1758);COB;1703707001;8835441108;UMBR CIR
10471;Umbrina canariensis;Verrugato canario;Valenciennes, 1843;UCA;1703707009;8835441107;UMBR CAN
10472;Umbrina ronchus;Verrugato fusco;Valenciennes, 1843;UMO;1703707010;8835441106;
10473;Macrodon ancylodon;Pescadilla real;(Bloch et Schneider, 1801);WKK;1703709601;8835441601;
10474;Argyrosomus regius;Corvina;(Asso, 1801);MGR;1703710601;8835442701;ARGY REG
10482;Pseudotolithus senegalensis;Corvina casava;(Valenciennes, 1833);CKL;1703745702;;
10483;Pseudotolithus elongatus;Corvina bobo;(Bowdich, 1825);PSE;1703745705;;
10484;Sparidae;;;SBX;17039XXXXX;883543;
10485;Crenidens crenidens;Salema del mar Rojo;(Forsskal, 1775);CWC;1703926601;;CREN CRE
10486;Pagellus spp;Besugos;Valenciennes, 1830;PAX;17039008XX;88354308;
10487;Pagellus bogaraveo;Besugo;(Brünnich, 1768);SBR;1703900801;8835430801;
10488;Pagellus erythrinus;Breca;(Linnaeus, 1758);PAC;1703900802;8835430804;PAGE ERY
10489;Pagellus acarne;Aligote;(Risso, 1826);SBA;1703900803;8835430802;
10490;Pagellus bellottii;Breca chata;Steindachner, 1882;PAR;1703900807;;
10492;Diplodus spp;Sargos;Rafinesque, 1810;SRG;17039033XX;88354304;DIPLODUZ
10493;Diplodus annularis;Raspallón;(Linnaeus, 1758);ANN;1703903302;8835430404;DIPL ANN
10494;Diplodus sargus sargus;Sargo;(Linnaeus, 1758);SWA;1703903303;8835430403;DIPL SAR
10495;Diplodus vulgaris;Mojarra;(Geoffroy Saint-Hilaire, 1817);CTB;1703903305;8835430406;DIPL VUL
10496;Diplodus cervinus cervinus;Sargo breado;(Lowe, 1838);SBZ;1703903306;8835430405;DIPL CER
10497;Diplodus puntazzo;Sargo picudo;(Cetti, 1777);SHR;1703903307;;
10498;Dentex spp;Dentones;Cuvier, 1814;DEX;17039060XX;88354310;DENTEX Z
10499;Dentex gibbosus;Sama de pluma;(Rafinesque, 1810);DEP;1703906001;8835431003;DENT GIB
10500;Dentex macrophthalmus;Cachucho;(Bloch, 1791);DEL;1703906002;8835431002;DENT MAC
10501;Dentex canariensis;Dentón canario;Steindachner, 1881;DEN;1703906004;8835431004;DENT GIB
10502;Dentex dentex;Dentón;(Linnaeus, 1758);DEC;1703906006;8835431005;DENT DEN
10506;Dentex maroccanus;Sama marroquí;Valenciennes, 1830;DEM;1703906012;8835431001;DENT MAR
10507;Spondyliosoma cantharus;Chopa;(Linnaeus, 1758);BRB;1703906302;8835431201;
10508;Oblada melanura;Oblada;(Linnaeus, 1758);SBS;1703907601;8835430701;
10509;Argyrozona argyrozona;Dentón carpintero;(Valenciennes, 1830);SLF;1703910701;8835431401;
10512;Pagrus pagrus;Pargo;(Linnaeus, 1758);RPG;1703919103;8835430601;
10516;Sparus spp;;Linnaeus, 1758;;17039235XX;88354311;
10519;Sparus aurata;Dorada;Linnaeus, 1758;SBG;1703923508;;
10520;Pagrus auriga;Urta;Valenciennes, 1843;REA;1703919109;;
10522;Boops boops;Boga;(Linnaeus, 1758);BOG;1703926101;8835430901;BOOP BOO
10526;Lithognathus mormyrus;Herrera;(Linnaeus, 1758);SSB;1703927702;8835431601;LITH MOR
10532;Sarpa salpa;Salema;(Linnaeus, 1758);SLM;1703929301;8835431801;
10537;Spicara maena;Chucla;(Linnaeus, 1758);BPI;1704007501;;
10538;Spicara smaris;Caramel;(Linnaeus, 1758);SPC;1704007502;;
10540;Mullus spp;Salmonetes europeos;Linnaeus, 1758;MUX;17041007XX;88354502;
10541;Mullus surmuletus;Salmonete de roca;Linnaeus, 1758;MUR;1704100701;8835450202;
10542;Mullus barbatus;Salmonete de fango;Linnaeus, 1758;MUT;1704100702;8836450233;MULL BAR
10544;Upeneus moluccensis;Salmonete de banda dorada;(Bleeker, 1855);UPM;1704125102;;UPEN MOL
10548;Dichistius capensis;Damba;(Cuvier, 1831);GAJ;1704326501;;
10552;Chaetodontidae;Peces mariposa;;BUS;17052XXXXX;883555;CHAETODX
10553;Cichlidae;;Bonaparte, 1835;CIX;17059XXXXX;883561;CICHLIDX
10554;Acantholabrus palloni;Tordo de fondo;(Risso, 1810);AKL;1706300101;8839013701;
10555;Symphodus bailloni;Porredano;(Valenciennes, 1839);;17063XXXXX;;
10556;Labrus mixtus;Gallano;Linnaeus, 1758;USI;1706300505;8839013604;LABR BIM
10557;Coris julis;Julia;(Linnaeus, 1758);COU;1706306601;8839012306;CORI JUL
10558;Labridae;Lábridos;;WRA;17063XXXXX;883901;LABRIDAX
10559;Labrus bergylta;Maragota;Ascanius, 1767;USB;1706300501;8839013603;LABR BER
10561;Symphodus roissali;Planchita;(Risso, 1810);;17063XXXXX;;
10564;Thalassoma pavo;Fredí;(Linnaeus, 1758);TMP;1706324501;8839011017;
10566;Ctenolabrus rupestris;Tabernero;(Linnaeus, 1758);TBR;1706306901;8839013501;CTEN RUP
10567;Centrolabrus exoletus;Tabernero de coral;(Linnaeus, 1758);ENX;1706306501;8839013401;CENT EXO
10568;Labrus viridis;Tordo;Linnaeus, 1758;WRV;17063005XX;8839013601;LABR VIR
10569;Symphodus melops;Porredana;(Linnaeus, 1758);YFM;1706338702;;
10570;Labrus spp;Tordos;Linnaeus, 1758;WRX;17063XXXXX;88390136;LABRUS Z
10576;Echiichthys vipera;Salvariego;(Cuvier, 1829);TOZ;1721201003;8840060101;
10577;Trachinidae;;;TRA;17212XXXXX;884006;TRACHINX
10578;Trachinus spp;Arañas;Linnaeus, 1758;WEX;17212010XX;88400601;TRACHISZ
10579;Trachinus draco;Escorpión;Linnaeus, 1758;WEG;1721201002;8840060102;TRAC DRA
10581;Trachinus araneus;Araña;Cuvier, 1829;TZA;17078010XX;8840060104;TRAC ARA
10583;Uranoscopus scaber;Rata;Linnaeus, 1758;UUC;1721335202;8840140802;URAN SCA
10598;Gerres spp;Mojarra de profundidad;Quoy et Gaimard, 1824;MOJ;17046036XX;88353903;GERRES Z
10599;Blennius ocellaris;Torillo;Linnaeus, 1758;NUO;1771500601;8842010104;BLEN OCE
10601;Parablennius gattorugine;Cabruza;(Linnaeus, 1758);;17101XXXXX;;
10603;Blenniidae;Babosas;;BLE;17715XXXXX;884201;BLENIIX
10607;Lycodes spp;;Reinhardt, 1832;ELZ;17115024XX;87930107;LYCODESZ
10608;Echiodon dentatus;Rubioca;(Cuvier, 1829);;172XXXXXXX;8792020201;ECHI DEN
10615;Ammodytes spp;;Artedi, 1738;SAN;17204002XX;88420101;AMMODYTZ
10616;Ammodytes tobianus;Lanzón;Linnaeus, 1758;ABZ;1720400205;8845010105;AMMO TOB
10617;Callionymus lyra;Guitarra;Linnaeus, 1758;LYY;1772000301;8846010106;CALL LYR
10618;Callionymus maculatus;Dragoncillo moteado;Rafinesque, 1810;;17720003XX;8846010107;CALL MAC
10621;Siganus rivulatus;Sigano jaspeado;Forsskal, 1775;SRI;1740700106;8849020116;
10628;Lepidocybium flavobrunneum;Escolar negro;(Smith, 1843);LEC;1750500501;8850010301;LEPI FLA
10629;Thyrsites atun;Sierra;(Euphrasen, 1791);SNK;1750500101;8850010801;
10631;Ruvettus pretiosus;Escolar;Cocco, 1833;OIL;1750500701;8850010401;
10632;Trichiuridae;Peces sable;;CUT;17506XXXXX;885002;TRICHIUX
10633;Trichiurus lepturus;Pez sable;Linnaeus, 1758;LHT;1750600302;8850020201;TRIC LEP
10634;Lepidopus caudatus;Pez cinto;(Euphrasen, 1788);SFS;1750600601;8850020401;LEPI CAU
10635;Aphanopus carbo;Pez sable negro;Lowe, 1839;BSF;1750601201;8850020301;APHA CAR
10637;Scorpaeniformes;Escorpeniformes;;XSX;17801XXXXX;8825;
10638;Scombridae;Escómbridos;;MAX;17501XXXXX;885003;
10639;Sarda sarda;Bonito;(Bloch, 1793);BON;1750100101;8850030202;
10640;Scomber spp;Caballas;Linnaeus, 1758;MAZ;17501002XX;88500303;
10641;Scomber colias;Estornino;Gmelin,1788;VMA;1750100201;8850030301;
10642;Scomber scombrus;Caballa;Linnaeus, 1758;MAC;1750100205;8850030302;SCOM SCO
10643;Orcynopsis unicolor;Tasarte;(Geoffroy Saint-Hilaire, 1817);BOP;1750100601;8850031201;
10653;Auxis thazard thazard;Melva negra;(Lacepède, 1800);FRI;1750102301;8850030702;AUXI THA
10654;Auxis rochei rochei;Melva;(Risso, 1810);BLT;1750102303;8850030701;AUXI ROC
10655;Euthynnus alletteratus;Bacoreta;(Rafinesque, 1810);LTA;1750102401;;EUTH ALL
10657;Katsuwonus pelamis;Listado;(Linnaeus, 1758);SKJ;1750102501;8850030101;
10658;Thunnus thynnus;Atún rojo;(Linnaeus, 1758);BFT;1750102601;8850030402;THUN THY
10660;Thunnus alalunga;Bonito del norte;(Bonnaterre, 1788);ALB;1750102605;8850030401;THUN ALA
10662;Thunnus albacares;Rabil;(Bonnaterre, 1788);YFT;1750102610;8850030403;THUN ALB
10663;Thunnus obesus;Patudo;(Lowe, 1839);BET;1750102612;8850030405;THUN OBE
10664;Istiophoridae;Agujas, Marlines;;BIL;17503XXXXX;885006;ISTIOPHX
10665;Istiophorus albicans;Pez vela del Atlántico;(Latreille, 1804);SAI;1750300404;;
10668;Tetrapturus spp;Marlines;Rafinesque, 1810;WHH;17503009XX;;
10669;Tetrapturus albidus;Marlín blanco;Poey, 1860;WHM;1750300904;;
10673;Xiphias gladius;Pez espada;Linnaeus, 1758;SWO;1750400301;8850040101;XIPH GLA
10675;Stromateus fiatola;Pámpano;Linnaeus, 1758;BLB;1760300401;8851030501;
10677;Cubiceps gracilis;Savorín;(Lowe, 1843);CBG;1760600101;8851020203;CUBI GRA
10679;Schedophilus ovalis;Rufo imperial;(Cuvier, 1833);HDV;1760800302;;
10680;Centrolophus niger;Romerillo;(Gmelin, 1789);CEO;1760800101;8851010301;CENT NIR
10681;Schedophilus medusophagus;Rufo de aguas malas;Cocco, 1829;HVU;17608XXXXX;;
10683;Crystallogobius linearis;Gobio de cristal;(Von Düben, 1845);YTN;1732103101;8847014901;CRYS LIN
10684;Pomatoschistus spp;Gobitos;Gill, 1863;;17702XXXXX;88470151;
10690;Pomatoschistus microps;Cabrío;(Kröyer, 1838);OBD;17702XXXXX;8847015103;
10691;Gobiidae;;;GPA;17702XXXXX;884701;GOBIIDAX
10692;Lesueurigobius friesii;Gobio de Lesueur;(Malm, 1874);GOF;1732115001;8847016702;LESU FRI
10693;Deltentosteus quadrimaculatus;Gobio de cuatro manchas;(Valenciennes, 1837);DEQ;1732110301;8847019001;DELT QUA
10694;Pomatoschistus minutus;Gobio de arena;(Pallas, 1770);OBZ;17702XXXXX;8847015101;
10695;Pomatoschistus pictus;Gobio de manchas;(Malm, 1865);;17702XXXXX;8847015102;
10696;Aphia minuta;Chanquete;(Risso, 1810);FIM;1732100401;8847016601;APHI MIN
10697;Lesueurigobius sanzi;Gobio de Sanzo;(de Buen, 1918);;17702XXXXX;8847016704;LESU SAN
10699;Gobius niger;Chaparrudo;Linnaeus, 1758;GBN;1732100303;8847011316;GOBI NIG
10705;Scorpaenidae;Rascacios;Linnaeus, 1758;SCO;17801XXXXX;882601;
10710;Trachyscorpia cristulata echinata;Rascacio espinoso;(Koehler, 1896);TZY;17801080XX;8826011101;TRAC CRI
10711;Sebastes spp;Gallinetas nórdicas;Cuvier, 1829;RED;17801001XX;88260101;
10712;Sebastes norvegicus;;(Ascanius, 1772);;;;
10713;Sebastes mentella;Gallineta atlántica;Travin, 1951;REB;1780100112;8826010151;SEBA MEN
10715;Scorpaena spp;Cabrachos;Linnaeus, 1758;SCS;17801009XX;88260106;
10716;Scorpaena porcus;Rascacio;Linnaeus, 1758;BBS;1780100901;8826010629;
10717;Scorpaena scrofa;Cabracho;Linnaeus, 1758;RSE;1780100902;8826010628;
10720;Scorpaena notata;Escórpora;Rafinesque, 1810;SNQ;1780100912;8826010627;
10721;Scorpaena loppei;Rascacio de Cadenat;Cadenat, 1943;;17801009XX;8826010625;
10722;Helicolenus spp;Gallinetas;Goode et Bean, 1896;ROK;17801017XX;88260103;HELICOLZ
10723;Helicolenus dactylopterus;Gallineta;Delaroche, 1809;BRF;1780101703;8826010301;HELI DAC
10724;Pontinus kuhlii;Rascacio de fuera;(Bowdich, 1825);POI;1780101902;8826010509;
10725;Trigloporus lastoviza;Borracho;(Bonnaterre, 1788);CTZ;1780200304;8826020701;
10726;Triglidae;Rubios;Rafinesque, 1815 ;GUX;17802XXXXX;882602;TRIGLIDX
10727;Peristedion cataphractum;Armado;(Linnaeus, 1758);PJC;1782200601;8826020316;
10728;Trigla spp;;Linnaeus, 1758;GUY;17802002XX;88260205;TRIGLA Z
10729;Trigla lyra;Garneo;Linnaeus, 1758;GUN;1780200205;8826020503;TRIG LYR
10730;Chelidonichthys spp;Bejeles;Kaup, 1873;GUI;17802003XX;88260209;
10731;Chelidonichthys lucerna;Bejel;(Linnaeus, 1758);GUU;1780200302;8826020501;TRIG LUC
10734;Lepidotrigla dieuzeidei;Cabete espinudo;Blanc et Hureau, 1973;LEP;1780200806;;LEPI DIE
10735;Lepidotrigla cavillone;Cabete;(Lacepède, 1801);LDV;1780200807;;LEPI CAV
10737;Eutrigla gurnardus;Perlón;(Linnaeus, 1758);GUG;1780207001;8826020601;EUTH GUR
10739;Chelidonichthys obscurus;Arete oscuro;(Bloch et Schneider, 1801);GUM;1780200310;8826020802;ASPI OBS
10741;Ophidion barbatum;Lorcha;Linnaeus, 1758;OOA;1580200301;8792010607;
10747;Pleuronectiformes;Peces planos;;FLX;183XXXXXXX;8855;
10753;Arnoglossus spp;Peludas;Bleeker, 1862;RGX;18301001XX;88570317;ARNOGLOZ
10754;Arnoglossus laterna;Serradell;(Walbaum, 1792);MSF;1830100101;8857031702;ARNO LAT
10757;Arnoglossus thori;Tapaculos;Kyle, 1913;RNH;1830100104;8857031706;ARNO THO
10758;Arnoglossus imperialis;Peluda imperial;(Rafinesque, 1810);RLI;1830100103;8857031703;ARNO IMP
10760;Pleuronectidae;;;PLZ;18302XXXXX;885704;
10761;Hippoglossus hippoglossus;Halibut;(Linnaeus, 1758);HAL;1830200201;8857041902;HIPP HIG
10762;Pleuronectes platessa;Solla;Linnaeus, 1758;PLE;1830200405;8857041502;PLEU PLA
10763;Reinhardtius hippoglossoides;Fletán negro;(Walbaum, 1792);GHL;1830200501;8857041801;REIN HIP
10764;Glyptocephalus cynoglossus;Mendo;(Linnaeus, 1758);WIT;1830201102;8857040502;GLYP CYN
10765;Hippoglossoides platessoides;Platija americana;(Fabricius, 1780);PLA;1830201401;8857040603;HIPP PLA
10767;Limanda limanda;Limanda;(Linnaeus, 1758);DAB;1830202405;;LIMA LIM
10768;Microstomus kitt;Mendo limón;(Walbaum, 1792);LEM;1830204504;8857041202;MICR KIT
10769;Platichthys flesus;Platija;(Linnaeus, 1758);FLE;1830204802;8857041402;PLAT FLE
10771;Bathysolea profundicola;Lenguado de profundidad;(Vaillant, 1888);YMW;18303XXXXX;8858011001;BATH PRO
10772;Synaptura lusitanica;Lenguado portugués;Capello, 1868;YNU;1830303605;;
10774;Soleidae;;;SOX;18303XXXXX;885801;
10775;Solea spp;Lenguados;Quensel, 1806;SOO;18303007XX;88580106;
10776;Solea senegalensis;Lenguado senegalés;Kaup, 1858;OAL;1830300708;;
10777;Dipturus linteus;Raya vela;(Fries, 1838);RJK;1100400181;;
10778;Echiodon drummondi;;Thompson, 1837;;172XXXXXXX;;
10780;Synapturichthys kleinii;Suela;(Risso, 1827);KSY;1830300796;;
10782;Pegusa impar;Sortija adriática;(Bennett, 1831);OAM;1830300713;8858010612;
10783;Dicologlossa cuneata;Acedía;(Moreau, 1881);CET;1830301701;8858011101;DICO CUN
10788;Microchirus spp;;Bonaparte, 1833;THS;18303081XX;88580109;MICROCHZ
10789;Microchirus theophila;Acevía;(Risso, 1810);MZT;18303081XX;;
10790;Microchirus ocellatus;Tambor real;(Linnaeus, 1758);MRK;1830308102;8858010901;MICR OCE
10791;Oncorhynchus mykiss;Trucha arco iris;(Walbaum, 1792);TRR;1230100909;8755010302;
10792;Microchirus variegatus;Soldada;(Donovan, 1808);MKG;1830308103;8858010903;MICR VAR
10795;Symphurus nigrescens;Pelada;Rafinesque, 1810;;18304035XX;;
10796;Phrynorhombus regius;Limanda mísera;(Bonnaterre, 1788);;18305XXXXX;8857032202;
10797;Phrynorhombus norvegicus;Limanda noruega;(Günther, 1862);FRN;1830500101;8857032201;
10798;Lepidorhombus spp;Gallos;Günther, 1862;LEZ;18305003XX;88570323;LEPIDOOZ
10799;Lepidorhombus whiffiagonis;Gallo del norte;(Walbaum, 1792);MEG;1830500301;8857032302;LEPI WHI
10800;Lepidorhombus boscii;Gallo;(Risso, 1810);LDB;1830500302;8857032301;LEPI BOS
10801;Scophthalmus rhombus;Corujo;(Linnaeus, 1758);BLL;1830506401;8857030403;
10802;Scophthalmus maximus;Rodaballo;(Linnaeus, 1758);TUR;1830509201;8857030402;
10804;Citharus linguatula;Solleta;(Linnaeus, 1758);CIL;1830600101;;
10806;Balistes capriscus;Pez ballesta;Gmelin, 1789;TRG;1901000201;8860020205;BALI CAR
10807;Stephanolepis spp;;Gill, 1861;;18903010XX;;
10810;Tetraodontidae;Globos;Regan 1929;PUX;19002XXXXX;886101;
10811;Cetonurus globiceps;Granadero globoso;(Vaillant, 1888);CKP;1480601102;;
10816;Mola mola;Pez luna;(Linnaeus, 1758);MOX;1900800201;8861040101;MOLA MOL
10818;Halobatrachus didactylus;Pez sapo;(Bloch et Schneider, 1801);BHD;1930100601;;HALO DID
10820;Chaunax pictus;Rape rosa;Lowe, 1846;;195XXXXXXX;8787030101;CHAU PIC
10821;Lophius spp;Rapes;Artedi, 1758;MNZ;19501001XX;87860101;LOPHIUSZ
10822;Lophius piscatorius;Rape blanco;Linnaeus, 1758;MON;1950100101;8786010103;LOPH PIS
10823;Lophius budegassa;Rape negro;Spinola, 1807;ANK;1950100102;8786010104;LOPH BUD
10826;Cepola macrophthalma;Cinta;(Linnaeus, 1766);CBC;1706008301;8835700102;
10827;Cyttopsis rosea;Pez de san Pedro rosa;(Lowe, 1843);ZCD;162XXXXXXX;;
10828;Trachipterus trachypterus;Lista;(Gmelin, 1789);;199XXXXXXX;8815020104;TRAC TRH
10831;Trachipterus arcticus;Cardenal atlántico;(Brünnich, 1788);TPA;1520400203;8815020102;TRAC ARC
10834;Lampris guttatus;Luna real;(Brünnich, 1788);LAG;1520100102;8813010102;LAMP GUT
10836;Elasmobranchii;Tiburones y rayas;Cope, 1889;SKX;199XXXXXXX;;ELASMOBR
10838;Anguilliformes;;;;143XXXXXXX;8740;ANGUILLI
10844;Myctophiformes;;;;132XXXXXXX;;
10851;Trachipterus spp;;Goüan, 1770;TRP;15204002XX;88150201;TRACHIPZ
10860;Deania spp;;Jordan et Snyder, 1902;DNA;10901014XX;8710011400;DEANIA Z
10863;Carcharhinus spp;Tiburones pelágicos;Blainville, 1816;CWZ;10802010XX;;CARCHAHZ
10864;Rajidae;Rayas;;RAJ;11004XXXXX;8713040000;RAJIDAEX
10865;Thunnus spp;Atunes;South, 1845;TUS;17501026XX;88500304;THUNNUSZ
10872;Gephyroberyx darwinii;Reloj de fondo;(Johnson, 1866);GXW;1610500101;8810020101;GEPH DAR
10878;Squatina spp;Angelotes;Duméril, 1806;;10903004XX;87110101;
10886;Alepocephalus spp;Talismanes;Risso, 1820;ALH;12314007XX;87600103;ALEPOCEZ
10890;Alopias spp;Peces zorro;Rafinesque, 1809;THR;10606006XX;8707040400;ALOPIASZ
10892;Anarhichas lupus;Perro del Norte;Linnaeus, 1758;CAA;1710200101;8842020103;ANAR LUP
10895;Acanthistius spp;;Gill, 1862;;;;
10903;Centroscyllium fabricii;Tollo negro;(Reinhardt, 1825);CFB;1090101901;8710010901;CENT FAB
10904;Centroscymnus crepidater;Pailona negra;(Bocage et Capello, 1864);CYP;1090101602;8710011202;CENT CRE
10906;Macrouridae;Granaderos;Gilbert et Hubbs, 1916;RTX;14806XXXXX;879401;MACRORX
10907;Chauliodus sloani;Pez demonio;Bloch et Schneider, 1801;CDN;1250301502;;CHAU SLO
10920;Deania profundorum;;(Smith et Radcliffe, 1912);SDU;1090101403;8710011403;
10922;Diretmus argenteus;Malacara plateado;Johnson, 1864;DUU;1610301101;8810010101;DIRE ARG
10928;Epigonus denticulatus;;Dieuzeide, 1950;EGD;1709637302;8835180406;EPIG DEN
10931;Etmopterus princeps;Tollo lucero;Collett, 1904;ETR;1090101005;8710010503;ETMO PRI
10933;Facciolella oxyrhyncha;;(Bellotti, 1883);NHF;143XXXXXXX;;
10936;Gadomus longifilis;;(Goode et Bean, 1885);;14806XXXXX;8794010503;GADO LON
10938;Galeus murinus;Pintarroja islandica;(Collett, 1904);GAM;1080100106;8708010204;GALE MUR
10939;Grammicolepis brachiusculus;Palometa oropel;Poey, 1873;GMG;1620200101;8811040101;GRAM BRA
10944;Hydrolagus mirabilis;Borrico;(Collett, 1904);CYH;1120100409;8716020103;HYDR MIR
10950;Lepidion eques;Bertorella brava;(Günther, 1887);LPS;1480202002;8791010501;LEPI EQU
10961;Nesiarchus nasutus;Escolar narigudo;Johnson, 1862;NEN;1750500601;;
10963;Notacanthus chemnitzii;;Bloch, 1788;NNN;1450200201;8743030301;
10965;Oxynotus paradoxus;Cerdo marino velero;Frade, 1929;OXN;1090500602;;
10976;Callionymus reticulatus;Dragoncillo;Valenciennes, 1837;;17720003XX;;CALL RET
10989;Sphoeroides pachygaster;Tamboril de hondura;(Müller et Troschel, 1848);TSP;1900200602;8861010209;
10991;Synaphobranchus kaupii;Morena de hondura;Johnson, 1862;SSK;1431803901;;
10992;Notacanthidae;;;;199XXXXXXX;;
10999;Notacanthus spp;;Bloch, 1788;;199XXXXXXX;87430303;
11000;Actinopterigios;Peces con radios;Cope, 1871;FIN;199XXXXXXX;;ACTINOPT
11001;Physiculus spp;;Kaup, 1858;PQO;14802XXXXX;87910103;
11011;Coryphaena spp;;Linnaeus, 1758;;17028071XX;88352901;CORYPHNZ
11030;Ammodytidae;Lanzones;;;17204XXXXX;884501;AMMODYTX
11039;Buglossidium luteum;Tambor;(Risso, 1810);GSM;1830300301;8858010801;BUGL LUT
11040;Scophthalmidae;Gallos y rodaballos;;SCF;18305XXXXX;885702;
11048;Ceratiidae;;;;195XXXXXXX;878808;CERATIIX
11049;Acipenser spp;ESturiones;Linnaeus, 1758;;11701XXXXX;87290101;ACIPENSZ
11053;Gaidropsarus macrophthalmus;Barbada de tres barbas;(Günther, 1867);GGR;1480402804;;
11054;Diaphus rafinesquii;Murciélago atlántico;(Cocco, 1838);DPF;1320801809;;
11058;Callorhinchus capensis;Quimera del Cabo;(Duméril, 1865);CHM;1120300103;;
11087;Istiophorus platypterus;Pez vela del Pacífico;(Shaw et Nodder, 1792);SFA;1750300402;;ISTI PLA
11102;Alepocephalidae;;;PZC;12107XXXXX;;
11116;Symphodus spp;Bodiones;Rafinesque, 1810;YFX;17063XXXXX;;
11124;Alopias pelagicus;Zorro de altura;Nakamura, 1935;PTH;1060600602;;
11125;Isurus paucus;Marrajo carite;Guitart Manday, 1966;LMA;1060800203;;
11152;Scymnodon spp;;Bocage et Capello, 1864;;10901017XX;;
11155;Rajella fyllae;Raya redonda;(Lütken, 1887);RJY;1100400131;;
11165;Auxis spp;Melvas;Cuvier, 1829;FRZ;17501XXXXX;;
11167;Pegusa lascaris;Acedía de arena;(Risso, 1810);SOS;1830300704;;
11168;Solea solea;Lenguado;(Linnaeus, 1758);SOL;1830300701;8858010601;SOLE SOL
11169;Salilota australis;Brótola criolla;(Günther, 1878);SAO;1480204001;;
11172;Cheilopogon heterurus;Juriola;(Rafinesque, 1810);ECE;1470402302;;
11173;Chelidonichthys cuculus;Cuco;(Linnaeus, 1758);GUR;1780200303;;
11191;Hippocampus hippocampus;Caballo marino;(Linnaeus, 1758);HPH;1510600503;;
11192;Diplodus bellottii;Raspallón senegalés;(Steindachner, 1882);DHQ;17039033XX;;
11194;Callionymus spp;Dragoncillos;Linnaeus, 1758;;17720003XX;;CALLIONZ
11201;Syngnathus acus;Mula;Linnaeus, 1758;SGQ;1510600301;;
11208;Synchiropus phaeton;Dragón rojo;(Günther, 1861);TWB;173XXXXXXX;;
11215;Hymenocephalus italicus;;Giglioli, 1884;HYS;1480600301;;
11216;Benthosema glaciale;;(Reinhardt, 1837);BHG;1320802401;;BENT GLA
11217;Ceratoscopelus maderensis;;(Lowe, 1839);MCD;1320800301;;
11221;Notoscopelus bolini;;Nafpaktitis, 1975;NOO;1320803101;;
11224;Notolepis risso;;(Bonaparte, 1840);;199XXXXXXX;;
11225;Ichthyococcus ovatus;;(Cocco, 1838);IHO;1250900101;;
11227;Argyropelecus aculeatus;Pez hacha plateado;Valenciennes, 1850;SEE;1250200301;;
11244;Syngnathus typhle;Aguja mula;Linnaeus, 1758;STQ;1510600302;;
11245;Blennius spp;;(Linnaeus, 1758);NUW;17101XXXXX;;BLENNIUZ
11246;Zeugopterus punctatus;Rapeta;(Bloch, 1787);ZGP;1830500501;;
11249;Ciliata mustela;Madreanguila;(Linnaeus, 1758);LCM;1480402901;;
11259;Serrivomer beanii;;Gill et Ryder, 1883;ASB;1432300101;8741200102;
11261;Polyacanthonotus rissoanus;;(De Filippi et Verany, 1857);NNP;1450200301;8743030204;
11278;Lepadogaster candollei;Chupador;Risso, 1810;GLR;1920100201;8784010601;
11283;Antennarius radiosus;Pez rana de puntos;Garman, 1896;;195XXXXXXX;8787020203;
11317;Cyprinus carpio carpio;Carpa;Linnaeus, 1758;FCP;;;
11350;Luciobarbus bocagei;Barbo común;(Steindachner, 1864);LWD;140XXXXXXX;;
11373;Lepidion spp;Bertorellas bravas;Swainson, 1838;LEV;14802020XX;;
11383;Brama spp;Palometas negras;Bloch et Schneider, 1801;BRA;17027003XX;;BRAMA  Z
11428;Neoscopelus macrolepidotus;Luciérnaga;Johnson, 1863;NSM;1320500101;;
11432;Synaphobranchidae;;;SVY;143XXXXXXX;;
11463;Anoplogaster cornuta;Reloj de colmillos;(Valenciennes, 1833);AGW;1611401601;;
11465;Urophycis chuss;Bertorella roja;(Walbaum, 1792);HKR;1480400802;;
11476;Pollachius spp;;Nilsson, 1832;;14804015XX;;
11477;Hoplostethus spp;Relojes;Cuvier, 1829;HXV;16105002XX;;
11478;Epigonus spp;;Rafinesque, 1810;CDL;17096373XX;;EPIGONUZ
11484;Makaira spp;Agujas;Lacepède, 1802;BXQ;17503005XX;;
11493;Limanda spp;;Gottsche, 1835;YEX;18302004XX;;
11498;Benthodesmus elongatus;Sable plateado;(Clarke, 1879);BDL;1750600201;;BENT ELG
11501;Lappanella fasciata;Doncel;(Cocco, 1833);LFA;1706302101;;
11516;Lampadena speculigera;;Goode et Bean, 1896;LDS;1320802001;;
11526;Chiasmodon niger;;Johnson, 1864;CVN;1720700102;;
11559;Scophthalmus spp;;Rafinesque, 1810;;;;
11587;Gonostoma elongatum;;Günther, 1878;GSL;1250100203;;
11593;Microchirus boscanion;Lenguadito luso;(Chabanaud, 1926);QOI;18303081XX;;
11598;Lobianchia gemellarii;;(Cocco, 1838);JHD;13208XXXXX;;
11600;Breviraja spp;;Bigelow et Schröder, 1948;;;;
11604;Gadella maraldi;Gadela;(Risso, 1810);GDL;1480200402;;
11605;Polymetme corythaeola;;(Alcock, 1898);OLC;1250900401;;
11607;Cyclothone spp;;Goode et Bean, 1883;YTX;12501022XX;;
11608;Pomatoschistus norvegicus;Gobito nórdico;(Collett, 1902);;17702XXXXX;;
11609;Paraliparis membranaceus;;Günther, 1887;;17802XXXXX;;
11613;Bellottia apoda;;Giglioli, 1883;BTP;1580600201;;
11614;Benthocometes robustus;;(Goode et Bean, 1886);OBR;1580202701;;
11615;Borostomias spp;;Regan, 1908;;12503XXXXX;;
11616;Borostomias antarcticus;;(Lönnberg, 1905);BRT;1250300801;;
11617;Cataetyx alleni;;(Byrne, 1906);CXL;1580600801;;
11620;Coelorinchus labiatus;;(Koehler, 1896);CQV;1480600525;;
11623;Evermannella balbo;;(Risso, 1820);EVO;1310400201;;
11624;Galeus atlanticus;;(Vaillant, 1888);GHA;10801001XX;;
11645;Lampanyctus spp;;Bonaparte, 1840;;13208017XX;;
11646;Melanostigma atlanticum;;Koefoed, 1952;MTC;1711506101;;
11659;Plicofollis argyropleuron;Bagre tropical;(Valenciennes, 1840);;;;
11680;Hoplostethus cadenati;Reloj negro;Quéro, 1974;;;;
11682;Halosaurus ovenii;Plumín;Johnson, 1864;NHU;1450100301;;
11685;Aldrovandia phalacra;;(Vaillant, 1888);JBD;;;
11718;Dipturus spp;;Rafinesque, 1810;;;;
11724;Searsia koefoedi;;Parr, 1937;PSO;1231501101;;
11767;Parasudis fraserbrunneri;;(Poll, 1953);PFS;1311500301;;
11780;Melanonus zugmayeri;;Norman, 1930;MZY;;;
11791;Monomitopus metriostoma;;(Vaillant, 1888);OHV;;;
11801;Antennarius spp;Peces rana;Commerson, 1798;;;;
11802;Decapterus punctatus;Macarela amarilla;(Cuvier, 1829);WEC;1702304301;;
11834;Trachyrincus spp;Peces rata;Giorna, 1809;;;;
11836;Arctozenus risso;;(Bonaparte, 1840);;;;
11854;Abalistes stellatus;Pejepuerco estrellado;(Lacepède, 1798);;;;
11951;Alepocephalus agassizi;Talismán escoplo;Goode et Bean, 1883;;;;
12160;Cephalopholis spp;;Bloch et Schneider, 1801;;;;
12303;Lampanyctus intricarius;;Taning, 1928;LYI;1320801707;;
12327;Nerophis ophidion;Alfiler;(Linnaeus, 1758);NRO;1510600602;;
12330;Entelurus aequoreus;Culebra;(Linnaeus, 1758);ENQ;1510602301;;
12341;Syngnathus rostellatus;Palito;Nilsson, 1855;SFR;1510600305;;
12342;Pterois miles;Pez diablo;(Bennett, 1828);;;;
12371;Lampanyctus photonotus;;Parr, 1928;LYP;1320801710;;
12448;Liparidae;;;LPX;;;
12489;Leptoderma macrops;;Vaillant, 1886;AZM;;;
12492;Cyclothone microdon;;(Günther, 1878);YTM;1250102205;;
12493;Gonostoma bathyphilum;;(Vaillant, 1884);GSY;1250100202;;
12496;Astronesthes niger;;Richardson, 1845;AHR;1250300306;;
12499;Nansenia spp;;Jordan & Evermann , 1896;NAN;;;
12751;Sebastes viviparus;Gallineta nórdica;Kroyer, 1845;SFV;;;
12759;Diaphus metopoclampus;;(Cocco, 1829);DPP;13208XXXXX;;
12786;Melanostomias bartonbeani;;Parr, 1927;QCA;;;
12821;Protomyctophum arcticum;;(Lütken, 1892);;;;
12822;Spicara flexuosa;Chucla;Rafinesque 1810;;;;
12849;Ammodytes marinus;Lanzón menor;Raitt, 1934;;;;
12977;Chiasmodon spp;;Johnson, 1864;;;;
12978;Chirostomias pliopterus;;Regan & Trewavas, 1830;SIO;;;
12988;Holtbyrnia macrops;;Maul, 1957;QBC;;;
12993;Diaphus dumerilii;;(Bleeker, 1856);DPU;;;
12994;Dipturus nidarosiensis;;(Storm, 1881);;;;
12995;Echiostoma barbatum;;Lowe,1843;ECR;;;
12996;Sagamichthys schnakenbecki;;(Krefft, 1953);QBF;;;
13018;Neoraja caerulea;;(Stehmann, 1976);;;;
13138;Lampadena urophaos atlantica;;Maul,1969;;;;
13187;Melamphaes spp;;Günther , 1864;;;;
13197;Melanostomiatidae;;;;;;
13253;Poromitra capito;;Goode & Bean, 1883;;;;
13254;Poromitra crassiceps;;(Günther, 1878);PMC;;;
13346;Nessorhamphus ingolfianus;;(Schmidt, 1912);;;;
13347;Guttigadus latifrons;;(Holt & Byrne, 1908);;;;
13349;Entelurus spp;;Duméril , 1870;;;;
13356;Trachyscorpia cristulata;Cabracho de fondo;(Goode & Bean, 1896);TJX;1780108002;;
13390;Microchirus azevia;Lenguado basto;(de Brito Capello, 1867);MIA;;;
13397;Benthosema spp;;Goode & Bean, 1896;;;;
13399;Neoraja iberica;;Stehmann, Séret, Costa & Baro, 2008;;;;
13410;Howella brodiei;;Ogilby, 1899;HWB;;;
13427;Dipturus flossada;;(Risso, 1827);;;;
13428;Nansenia tenera;;Kawaguchi & Butler, 1984;;;;
13448;Gobius gasteveni;;Miller, 1974;;;;
13494;Myctophum spp;;Rafinesque, 1810;;;;
13540;Magnisudis atlantica;;(Krøyer, 1868);MNL;;;
13549;Galeorhinus spp;Cazón;de Blainville, 1816;;;;
20000;Crustacea;Crustáceos;(Brünnich, 1772);CRU;299XXXXXXX;61;
20001;Lepas ( Anatifa) anatifera;Percebe bravo;Linnaeus, 1767;ESF;2130200701;6132050301;
20005;Eriphia verrucosa;Cangrejo moruno;(Forsskal, 1775);EIK;2311000503;6189023602;
20006;Rissoides desmaresti;;(Risso, 1816);;228XXXXXXX;;
20009;Pollicipes pollicipes;Percebe;(Gmelin, 1790);PCB;2130100501;;
20010;Lepas spp;;Linnaeus, 1758;GOO;21302007XX;61320503;
20011;Rochinia carpenteri;;(Norman, 1873);;222921XXXXX;6187011403;
20013;Squilla mantis;Galera;(Linnaeus, 1758);MTS;2250100102;6191010110;
20015;Euphausia spp;;Dana, 1850;KRX;22601005XX;61740201;
20016;Euphausia superba;;Dana, 1850;KRI;2260100501;6174020113;
20017;Alpheus glaber;Camarón de pinzas;(Olivi, 1792);FEL;2283400105;6179140136;
20018;Pasiphaea multidentata;Camarón cristal;Lesmark, 1866;FAM;2283100302;6179050104;
20019;Processa canaliculata;Camarón mediterráneo;Leach, 1815;RKU;2283700101;6179170105;
20021;Pasiphaea spp;Gambas planas;Savigny, 1816;;228XXXXXXX;61790501;
20022;Glyphus marsupialis;Camarón canguro;Filhol, 1884;GFU;2283100101;6179050401;
20025;Xanthidae;;Dana, 1851;;229XXXXXXX;618902;
20028;Caridea;Camarones y quisquillas;Dana, 1852;;228XXXXXXX;6179;
20032;Oplophoridae;;Dana, 1852;;228XXXXXXX;617901;
20034;Dendrobranchiata;Gambas, gambones y langostinos;Spence Bate, 1888;DCP;228XXXXXXX;;
20035;Processa spp;;Leach, 1815;RXK;228XXXXXXX;61791701;
20039;Scyllarus spp;Cigarras;Fabricius, 1775;YLX;22915009XX;61820201;
20045;Processa nouveli;;Al Adhub et Williamson, 1975;;228XXXXXXX;;
20046;Processa modica;;Williamson, 1979;;228XXXXXXX;;
20047;Pasiphaea sivado;Camarón blanco;(Risso, 1816);FAV;2283100303;6179050111;
20051;Penaeidae;;Rafinesque, 1815;PEZ;22801XXXXX;617701;
20052;Penaeopsis serrata;Gamba roja marroquí;Bate, 1881;NIS;2280104903;;
20055;Penaeus spp;Langostinos;Fabricius, 1798;PEN;22801001XX;61770101;
20059;Penaeus kerathurus;Langostino mediterráneo;(Forsskal, 1775);TGS;2280100117;6177010115;
20066;Parapenaeus longirostris;Gamba blanca;(Lucas, 1846);DPS;2280101701;6177010501;
20070;Aristeidae;;Wood-Mason, 1891;ARI;22802XXXXX;617705;
20072;Aristaeomorpha foliacea;Langostino moruno;(Risso, 1827);ARS;2280203001;;
20074;Aristaeopsis edwardsiana;Carabinero;(Johnson, 1868);SSH;2280202101;6177050501;
20075;Aristeus antennatus;Gamba roja;(Risso, 1816);ARA;2280203101;6177050403;
20077;Plesionika heterocarpus;Camarón flecha;(Costa, 1871);LKO;2280403208;6179180519;
20078;Dichelopandalus bonnieri;;Caullery, 1896;DKB;2280405601;6179180302;
20079;Plesionika spp;Camarones;Bate, 1882;XKX;22804XXXXX;61791805;
20080;Chlorotocus crassicornis;Camarón real;(Costa, 1871);HLQ;2280400101;6179181001;
20082;Heterocarpus spp;;A. Milne-Edwards, 1881;;22804XXXXX;61791808;
20085;Pandalidae;Camarones;Haworth, 1825;PDZ;22804XXXXX;617918;
20086;Plesionika martia;Camarón marcial;A. Milne-Edwards, 1883;LKT;2280403201;6179180503;
20088;Plesionika antigai;Camarón catalán;Zariquiey Álvarez, 1955;LKN;2280403205;6179180517;
20090;Plesionika edwardsii;Camarón soldado;(Brandt, 1851);LKW;2280403202;6179180505;
20092;Pandalina brevirostris;;Rathke, 1843;;22804XXXXX;6179180601;
20095;Pandalus montagui;Camarón de Esopo;Leach, 1814;AES;2280400205;6179180104;
20096;Eusergestes arcticus;Gambita blanca;(Krøyer, 1855);;22807XXXXX;6177020302;
20098;Sergia robusta;;(Smith, 1882);;22807XXXXX;;
20100;Palaemonidae;;Rafinesque, 1815;PAL;22812XXXXX;617911;
20102;Palaemon spp;Camarones;Weber, 1795;QPX;22812XXXXX;61791108;
20109;Palaemon elegans;Camarón de roca;Rathke, 1837;PNQ;2281201803;6179110804;
20113;Palaemon longirostris;Camarón delta;H. Milne-Edwards, 1837;PIQ;2281201806;6179110810;
20115;Palaemon serratus;Camarón común;(Pennant, 1777);CPR;2281201810;6179110802;PALA SER
20116;Pontophilus spinosus;Camarón espinoso;(Leach, 1815);OFI;2282300501;6179220604;
20117;Pontophilus norvegicus;;(M. Sars, 1861);;22823XXXXX;6179220606;
20118;Aegaeon lacazei;Camarón blindado;Gourret, 1887;ONZ;2282300401;6179220802;
20119;Pontophilus spp;;Leach, 1817;;22823XXXXX;61792206;
20120;Crangonidae;;White, 1847;CRN;22823XXXXX;617922;
20121;Crangon spp;;Fabricius, 1798;CNZ;22823003XX;61792201;
20122;Crangon crangon;Quisquilla;(Linnaeus, 1758);CSH;2282300303;6179220118;CRAN CRA
20123;Solenocera membranacea;Cabezón atlántico;(Risso, 1816);SKM;2282907209;6177030513;
20131;Pagurus variabilis;Ermitaño variable;(A. Milne-Edwards et Bouvier, 1892);;229XXXXXXX;;
20132;Pagurus prideaux;;Leach, 1815;;229XXXXXXX;;
20133;Pagurus bernhardus;Ermitaño soldado;(Linnaeus, 1758);;229XXXXXXX;6183060228;
20134;Pagurus excavatus;;(Herbst, 1791);;229XXXXXXX;;
20135;Pagurus alatus;;Fabricius, 1775;;229XXXXXXX;;
20136;Anapagurus laevis;;(Bell, 1845);;229XXXXXXX;;
20143;Palinurus spp;Langostas;Weber, 1795;CRW;22901008XX;61820103;
20144;Palinurus mauritanicus;Langosta mora;Gruvel, 1911;PSL;2290100802;;
20145;Palinurus elephas;Langosta;(Fabricius, 1787);SLO;2290100804;6182010301;PALI ELE
20146;Goneplax rhomboides;Violinista;(Linnaeus, 1758);;229XXXXXXX;6189050304;
20148;Atelecyclus rotundatus;;(Olivi, 1792);;22909XXXXX;6188020301;
20149;Atelecyclus undecimdentatus;Pellizco;(Herbst, 1783);;22909XXXXX;;
20150;Cancer bellianus;Buey de fondo;Johnson, 1861;KCB;2310901009;;
20151;Cancer spp;Bueyes;Linnaeus, 1758;;22909010XX;61880301;
20152;Cancer pagurus;Buey;Linnaeus, 1758;CRE;2310901006;6188030110;CANC PAG
20154;Macropipus tuberculatus;Nécora nudosa;(Roux, 1830);MQL;2311101001;6189010905;
20155;Bathynectes maravigna;;(Prestandrea, 1839);;22911XXXXX;;
20157;Polybius henslowi;Patelo;Leach, 1820;QPH;22911XXXXX;;
20158;Portunidae;;Rafinesque, 1815;SWM;23111XXXXX;618901;
20159;Portunus spp;;Weber, 1795;CRS;23111004XX;61890106;
20162;Portunus pelagicus;Cangrejo pelágico;(Linnaeus, 1758);SCD;2311100401;6189010617;
20163;Callinectes spp;;Stimpson, 1860;CAL;23111012XX;61890103;
20164;Callinectes sapidus;Cangrejo azul;Rathbun, 1896;CRB;2311101202;6189010301;
20165;Callinectes danae;Jaiba siri;Smith, 1869;CRZ;2311101205;6189010303;
20166;Carcinus spp;;Leach, 1814;CZW;22911090XX;61890107;
20167;Carcinus maenas;Cangrejo verde;Linnaeus, 1758;CRG;2311109001;6189010701;
20168;Carcinus aestuari;Cangrejo verde del Mediterráneo;Nardo, 1847;CMR;2311109002;;
20169;Liocarcinus depurator;Nécora falsa;(Linnaeus, 1758);IOD;2311119603;;
20170;Liocarcinus corrugatus;Cangrejo de arrugas;(Pennant, 1777);ICC;2311119602;;
20171;Liocarcinus marmoreus;;(Leach, 1816);;22911196XX;;
20172;Liocarcinus spp;Cangrejos nadadores;Stimpson, 1870;LQZ;22911196XX;;
20174;Liocarcinus holsatus;;(Fabricius, 1798);;22911196XX;;
20175;Liocarcinus arcuatus;Cangrejo bigotes;(Leach, 1814);LQA;2311119604;;
20176;Necora puber;Nécora;(Linnaeus, 1767);LIO;2311119501;;
20178;Scyllaridae;Cigarras;Latreille, 1825;LOS;22915XXXXX;618202;
20180;Scyllarus arctus;Santiaguiño;(Linnaeus, 1758);SCY;2291500903;6182020103;
20181;Galatheidae;;Samouelle, 1819;LOQ;23019XXXXX;618310;
20182;Munida spp;Invasores;Leach, 1820;UEX;22919XXXXX;61831001;
20183;Lithodidae;Centollas reales;Bouvier, 1849;KCX;23020XXXXX;618308;
20184;Paromola cuvieri;Centolla de hondura;(Risso, 1816);OLV;2310200101;6185040201;
20187;Paralomis granulosa;Centollón;Jacquinot, 1842;PAG;2302012301;;
20189;Maja crispata;Centollo enano;Risso, 1827;JCP;2312100502;6187015902;
20190;Maja squinado;Centolla europea;(Herbst, 1788);SCR;2312100501;6187015901;
20192;Polycheles typhlops;;Heller, 1862;JLB;229XXXXXXX;6182030201;
20194;Nephrops norvegicus;Cigala;(Linnaeus, 1758);NEP;2294200602;6181010301;
20196;Homarus gammarus;Bogavante;(Linnaeus, 1758);LBE;2294200718;6181010202;
20198;Geryon longipes;Cangrejo rojo;A. Milne-Edwards, 1882;GRQ;2314308802;;
20201;Chaceon maritae;Cangrejo rey blanco;(Mannig y Holthuis, 1981);CGE;2314300102;;
20202;Decapoda;;Latreille, 1803;;299XXXXXXX;6175;
20203;Xantho spp;;Leach, 1815;;229XXXXXXX;61890217;
20204;Philocheras echinulatus;;(Sars, 1862);;22823XXXXX;;
20205;Corystes cassivelaunus;;(Pennant, 1777);;229XXXXXXX;;
20207;Inachus dorsettensis;;(Pennant, 1777);;22921XXXXX;6187012701;
20210;Xantho pilipes;;A. Milne-Edwards, 1867;;229XXXXXXX;6189021701;
20211;Scalpellum scalpellum;;Linnaeus, 1767;;21301XXXXX;6132010129;
20213;Pilumnus hirtellus;;(Linnaeus, 1761);;229XXXXXXX;6189021404;
20214;Phronima sedentaria;;Forsskal, 1775;;229XXXXXXX;61700301;
20215;Pagurus cuanensis;;Bell, 1846;;229XXXXXXX;6183060240;
20216;Monodaeus couchii;;(Couch, 1851);;229XXXXXXX;;
20217;Macropodia tenuirrostris;;(Leach, 1814);;22921XXXXX;;
20218;Systellaspis debilis;;(A. Milne-Edwards, 1881);;229XXXXXXX;6179010504;
20219;Philocheras sculptus;;(Bell, 1847);;22823XXXXX;;
20220;Munida sarsi;;Huus, 1935;;22919XXXXX;6183100122;
20221;Munida tenuimana;;G. O. Sars, 1875;;22919XXXXX;6183100123;
20222;Macropodia longipes;Cangrejo araña;(A. Milne-Edwards et Bouvier, 1899);;22921XXXXX;;
20223;Macropodia deflexa;;Forest, 1978;;22921XXXXX;;
20225;Medorippe lanata;Cangrejo lanudo;(Linnaeus, 1767);;229XXXXXXX;;
20226;Lophogaster typicus;;M. Sars, 1857;;;6152010515;
20227;Dromia personata;Cangrejo dormilón;(Linnaeus, 1758);DME;2310500103;6185020202;
20228;Inachus leptochirus;;Leach, 1817;;22921XXXXX;6187012703;
20229;Calappa granulata;Cangrejo real;(Linnaeus, 1758);KPG;2310100115;6186020106;
20230;Parapagurus pilosimanus;;Smith, 1879;;229XXXXXXX;6183180101;
20231;Munida intermedia;;A. Milne-Edwards et Bouvier, 1899;;22919XXXXX;;
20232;Galathea spp;Sastres;Fabricius, 1793;;22919XXXXX;61831003;
20234;Amphipoda;;Latreille, 1816;AQM;;6168;
20235;Mysida;;Boas, 1883;;;6151;
20255;Gammarus locusta;;Linnaeus, 1758;;;6169210701;
20269;Apseudopsis latreillii;;(H. Milne-Edwards, 1828);;;;
20270;Ebalia tumefacta;;(Montagu, 1808);;229XXXXXXX;6186030402;
20271;Galathea intermedia;Sastre;Lilljeborg, 1851;;22919XXXXX;6183100305;
20272;Liocarcinus pusillus;;(Leach, 1815);;22911196XX;;
20273;Pisidia longicornis;;(Linnaeus, 1767);;229XXXXXXX;6183120504;
20294;Mysidopsis gibbosa;;G. O. Sars, 1864;;;6153012107;
20296;Calanus helgolandicus;;(Claus, 1863);;;6118010210;
20482;Lucicutia lucida;;Farran, 1908;;;6118210125;
20489;Metridia spp;;Boeck, 1864;;;61181602;
20511;Temoridae;;Giesbrecht, 1892;;;611820;
20528;Pasiphaea tarda;;Kröyer, 1845;FAC;228XXXXXXXX;6179050103;
20534;Brachyura;Cangrejos sin cola;Latreille, 1803;CRA;231XXXXXXX;6184;
20537;Paguridae;Ermitaños;Latreille, 1803;CZM;229XXXXXXX;618306;
20548;Majidae;Centollos;Samouelle, 1819;;22921XXXXX;618701;
20550;Copepoda;Copépodos;H. Milne-Edwards, 1840;JPP;;6117;
20551;Pagurus spp;;Fabricius, 1775;;229XXXXXXX;;
20555;Inachus spp;;Weber, 1795;;22921XXXXX;61870127;
20556;Macropodia spp;Cangrejos araña;Leach, 1814;;22921XXXXX;61870133;
20563;Isopoda;Cochinillas de mar;Latreille, 1817;ISH;;6158;
20591;Munida rugosa;Xinxa;(Fabricius, 1775);URQ;22919XXXXX;;
20592;Balanus spp;Balano;Da Costa, 1778;;213XXXXXXX;;
20593;Pycnogonum littorale;;(Strom, 1762);;;;
20595;Dardanus arrosor;Ermitaño bernardo;(Herbst, 1776);;;;
20597;Eurynome aspera;;(Pennant, 1777);;22921XXXXX;;
20598;Inachus communissimus;Cangrejo patudo;Rizza, 1839;;22921XXXXX;;
20603;Paguristes eremita;;(Linnaeus, 1767);;229XXXXXXX;;
20609;Pisa armata;;(Latreille, 1802);;22921XXXXX;;
20611;Aegaeon cataphractus;;(Olivi, 1792);;22823XXXXX;;
20612;Sergestes spp;;H. Milne-Edwards, 1830;;22807XXXXX;61770203;
20615;Alpheus spp;;Fabricius, 1798;;228XXXXXXX;;
20616;Alpheus macrocheles;;(Hailstone, 1835);;228XXXXXXX;;
20617;Diogenes pugilator;Cangrejo ermitaño;(Roux, 1829);;229XXXXXXX;;
20618;Anapagurus spp;;Henderson, 1887;;229XXXXXXX;;
20624;Macropodia rostrata;Cangrejo araña narigudo;(Linnaeus, 1761);;22921XXXXX;;
20626;Calocaris macandreae;;Bell, 1846;;229XXXXXXX;;
20627;Munida rutllanti;;Zariquiey Álvarez, 1952;;22919XXXXX;;
20629;Chaceon affinis;Cangrejo rey;(A. Milne-Edwards et Bouvier, 1894);KEF;2314300109;;
20907;Phronima spp;;Latreille, 1802;;;;
20908;Euphausiidae;;Holt et Tattersall, 1905;;;;
20919;Gennadas elegans;;(Smith, 1882);;;;
20940;Aegidae;;Leach, 1815;;;;
20941;Cirolanidae;;Dana, 1852;;;;
20970;Macropodia longirostris;;(Fabricius, 1775);;22921XXXXX;;
20993;Acanthephyra purpurea;;A. Milne-Edwards, 1881;;228XXXXXXX;;
20997;Hyperiidae;;Dana, 1853;;299XXXXXXX;6170;
21001;Euphausiacea;;Dana, 1852;;;6174;
21045;Lophogaster spp;;M. Sars, 1857;;;;
21064;Xantho poressa;;(Olivi, 1792);;229XXXXXX;;
21066;Acanthephyra pelagica;;(Risso, 1816);;228XXXXXXX;;
21069;Nyctiphanes couchii;;(Bell, 1853);;22601XXXXX;6174020501;
21070;Meganyctiphanes norvegica;;(M. Sars, 1857);NKR;2260101101;6174020201;
21072;Dorhynchus thomsoni;;Thomson, 1873;;222921XXXXX;;
21073;Ergasticus clouei;;Studer, 1883;;222921XXXXX;;
21081;Natatolana borealis;;(Lilljeborg, 1851);;;;
21086;Ebalia nux;;A. Milne-Edwards, 1883;;229XXXXXXX;;
21088;Funchalia woodwardi;;Johnson, 1867;;;;
21089;Galathea dispersa;;Bate, 1859;;22919XXXXX;;
21105;Pagurus forbesi;;Bell, 1845;;229XXXXXXX;;
21106;Macropodia linaresi;;Forest et Zariquiey Álvarez, 1964;;22921XXXXX;;
21144;Microprotopus maculatus;;Norman, 1867;;;;
21168;Calappa spp;;Weber, 1795;;;;
21292;Ebalia tuberosa;;(Pennant, 1777);;;;
21350;Galathea strigosa;Sastre pinchudo;(Linnaeus, 1767);;;;
21395;Benthesicymus bartletti;;Smith, 1882;;;;
21406;Metacrangon jacqueti;;(A. Milne-Edwards, 1881);;;;
21425;Spirontocaris spinus;;(Sowerby, 1805);IRS;;;
21488;Spirontocaris Iilljeborgi;;(Danielssen, 1859);;;;
21515;Pagurus carneus;;Pocock, 1889;;;;
21545;Pagurus pubescentulus;;(A. Milne-Edwards ey Bouvier, 1892);;;;
21555;Epimeria parasitica;;(Sars, 1858);;;;
21557;Gnathophausia zoea;;Willemoes-Suhm, 1875;;;;
21564;Monodaeus spp;;Guinot, 1967;;;;
21569;Anapagurus petiti;;Dechancé et Forest, 1962;;;;
21570;Ebalia granulosa;;H.M. Edwards, 1837;;;;
21572;Aega spp;;Leach, 1815;;;;
21575;Psathyrocaris infirma;;Alcock & Anderson, 1894;;;;
21576;Psathyrocaris spp;;Wood Mason & Alcock, 1893;;;;
21577;Ephyrina figueirai;;Crosnier & Forest, 1973;;;;
21579;Eucopia hanseni;;Nouvel, 1942;;;;
21583;Boreomysis arctica;;Krøyer, 1861;;;;
21590;Trischizostoma nicaeense;;(Costa, 1853);;;;
21607;Eucopia spp;;Dana, 1852;;;;
21628;Natatolana spp;;Bruce,1981;;;;
21682;Stylocheiron maximum;;Hansen, 1908;;;;
21781;Spiropagurus elegans;;Miers, 1881;;;;
22000;Cirripedia;;Burmeister, 1834;;213XXXXXXX;6130;
30000;Sacoglossa;;Von Ihering, 1876;;305XXXXXXX;;
30002;Emarginula fissura;;(Linnaeus, 1758);;305XXXXXXX;5102040801;
30007;Capulus ungaricus;;(Linnaeus, 1758);KPR;305XXXXXXX;5103630101;
30018;Histioteuthis bonnellii;;(Férussac, 1835);HQB;3211101501;;
30033;Chama gryphoides;;Linnaeus, 1758;;317XXXXXXX;;
30037;Bathypolypus arcticus;Pulpito violáceo;(Prosch, 1847);YYA;3210903701;;
30044;Pteria hirundo;Avícula de Taranto;(Linnaeus, 1758);EHJ;3160602304;5509010203;
30051;Bathyarca grenophia;;(Risso, 1826);;31604XXXXX;5506010109;
30054;Pseudosimnia carnea;;(Poiret, 1789);;305XXXXXXX;;
30057;Paphia rhomboides;Almeja rubia;(Pennant, 1777);VNR;3161100303;5515470804;
30058;Ensis magnus;Navaja;Schumacher, 1817;EQK;;;
30059;Spisula solida;Clica;(Linnaeus, 1767);ULO;3161202005;5515250106;
30060;Naticarius spp;;Duméril, 1806;;305XXXXXXX;;
30061;Tonna galea;Caracola tonel;(Linnaeus, 1758);TOQ;3072300201;5103800101;
30062;Aporrhais pespelicani;Pie de pelícano;(Linnaeus, 1758);OHQ;30727001XX;5103570102;
30063;Nassarius reticulatus;Bruja;(Linnaeus, 1758);;30733002XX;5105080110;
30064;Cerastoderma spp;;Poli, 1795;;31709XXXXX;55152206;
30066;Gastropoda;Caracoles;Cuvier, 1795;GAS;307XXXXXXX;51;
30068;Dentalium spp;;Linnaeus, 1758;;399XXXXXXX;56010101;
30070;Chiton olivaceus;Quitón;Spengler, 1797;;399XXXXXXX;;
30071;Turritella spp;;Clarke, 1851;;305XXXXXXX;51033304;
30072;Ranella olearium;Bocina;(Linnaeus, 1758);AGJ;3073100101;;
30073;Calliostoma granulatum;Peonza granulosa;(Born, 1778);KON;3070400302;5102100173;
30074;Neptunea contraria;;(Linnaeus, 1771);;305XXXXXXX;;
30075;Cassidaria tyrrhena;Casco tirreno;(Chemnitz, 1789);KDH;3071100202;;
30077;Haliotis tuberculata;Oreja de mar;Linnaeus, 1758;HLT;3070300114;5102030113;
30079;Aporrhais serresianus;Pie de ganso;(Michaud, 1828);OHX;3072700102;5103570103;
30081;Bolinus brandaris;Cañailla;(Linnaeus, 1758);BOY;3070200901;;
30082;Buccinum spp;Bocinas;Linnaeus, 1758;BEX;30908001XX;51050401;
30083;Buccinum undatum;Caracolillo de Bruselas;Linnaeus, 1758;WHE;3070800101;5105040145;
30084;Buccinum humphreysianum;Bocina de Humprey;Bennett, 1825;BCP;3070800102;;
30087;Littorina littorea;Bígaro;(Linnaeus, 1758);PEE;3070100101;5103100108;
30091;Ostreidae;;Rafinesque, 1815;OST;31607XXXXX;551002;
30092;Ostrea spp;Ostras;Linnaeus, 1758;OYX;31607002XX;55100202;
30093;Ostrea edulis;Ostra;Linnaeus, 1758;OYF;3160700205;5510020205;
30094;Crassostrea spp;Ostrones;Sacco, 1894;OYC;31607008XX;55100201;
30095;Crassostrea gigas;Ostión;(Thunberg, 1793);OYG;3160700801;5510020101;
30096;Crassostrea virginica;Ostra americana;(Gmelin, 1791);OYA;3160700803;;
30097;Atrina fragilis;Mejillón abanico;(Pennant, 1777);TQF;3163700101;5507020105;
30098;Pectinidae;Pectínidos;Rafinesque, 1815;SCX;31608XXXXX;550905;
30099;Pecten maximus;Vieira;(Linnaeus, 1758);SCE;3160800309;5509050403;
30104;Mytilus edulis;Mejillón mediterráneo;Linnaeus, 1758;MUS;3161000105;5507010101;MYTI EDU
30106;Mytilus galloprovincialis;Mejillón;Lamarck, 1819;MSM;3161000112;5507010103;MYTI GAL
30109;Laevicardium spp;;Swainson, 1840;KZX;31709XXXXX;55152204;
30110;Acanthocardia aculeata;Marolo;(Linnaeus, 1767);AKK;3162300101;5515221106;
30111;Acanthocardia echinata;Carneiro;(Linnaeus, 1758);AKJ;3162300102;5515221104;
30113;Cardiidae;Berberechos;Oken, 1818;COZ;31623XXXXX;551522;
30115;Cerastoderma edule;Berberecho;(Linnaeus, 1758);COC;3162300203;5515220602;
30116;Aporrhaidae;Conchas pie de pelícano;Morch, 1852;;305XXXXXXX;510357;
30120;Veneridae;Almejas;Rafinesque, 1814;CLV;31611XXXXX;551547;
30121;Venus spp;Almejas;Linnaeus, 1758;VEX;31711004XX;55154721;
30122;Callista chione;Almejón de sangre;(Linnaeus, 1758);KLK;3161100601;5515471902;
30123;Chamelea striatula;;(Da Costa, 1778);SZN;31711004XX;55154721010;
30124;Chamelea gallina;Chirla;(Linnaeus, 1758);SVE;3161100105;5515473201;
30125;Venus verrucosa;Bolo;Linnaeus, 1758;VEV;3161102701;5515472104;
30127;Tapes decussata;Almeja fina;(Linnaeus, 1758);CTG;3161102001;;
30128;Tapes philippinarum;Almeja japonesa;(Adams et Reeve, 1850);CLJ;3161102002;;
30130;Venerupis corrugata;Almeja babosa;(Gmelin, 1791);CTS;3161100301;5515470802;
30132;Loligo opalescens;Calamar de Monterrey;Berry, 1911;SQO;3210400103;;
30135;Solenidae;Navajas;Lamarck, 1809;SOI;31616XXXXX;551529;
30136;Solen spp;;Linnaeus, 1758;RAZ;31616003XX;55152902;
30137;Solen marginatus;Longueirón;(Pennant, 1777);RAE;3161600302;;
30138;Loligo vulgaris reynaudi;Calamar del Cabo;d´Orbigny, 1845;;32104001XX;;
30140;Mya arenaria;Almeja madre;Linnaeus, 1758;CLS;3161700601;5517010201;
30142;Cephalopoda;Cefalópodos;Schneider, 1784;CEP;321XXXXXXX;57;
30143;Rossia macrosoma;;(delle Chiaje, 1830);ROA;3210302201;5704020104;
30144;Rondeletiola minor;;Naef, 1921;OTO;3210304001;;
30145;Sepiola atlantica;;d´Orbigny, 1840;IOT;3210303903;5704020301;
30148;Heteroteuthis dispar;;(Rüppell, 1845);HHP;3210300101;5704020501;
30149;Rossia spp;;Owen, 1834;;32102XXXXX;57040201;
30150;Sepiola aurantiaca;;Jatta, 1896;IOU;3210303904;;
30151;Sepietta oweniana;;(d´Orbigny, 1840);ITW;3210304203;5704020401;
30153;Sepiola rondeletii;Globito;Leach, 1817;CTR;3210303901;;
30154;Sepiidae;Sepias y chocos;Keferstein, 1866;CTL;32102XXXXX;570403;
30155;Neorossia caroli;;(Joubin, 1902);NEK;3210304801;;
30156;Sepia spp;Sepias;Linnaeus, 1758;IAX;32102002XX;57040301;
30157;Sepia bertheloti;Jibia africana;d´Orbigny, 1838;EJB;3210200203;;
30158;Sepiola spp;;Leach, 1817;IOX;32102002XX;57040203;
30159;Sepia officinalis;Sepia;Linnaeus, 1758;CTC;3210200202;5704030102;
30160;Sepia elegans;Choquito;Blainville, 1827;EJE;3210200204;5704030101;
30161;Sepia orbignyana;Choco;Férussac, 1826;IAR;3210200205;;
30162;Alloteuthis media;Calamarín menor;(Linnaeus, 1758);OUM;3210401302;5706010402;
30163;Alloteuthis subulata;Calamarín picudo;(Lamarck, 1798);OUL;3210401301;5706010401;
30164;Loliginidae;;d´Orbigny, 1848;SQZ;32104XXXXX;570601;
30165;Alloteuthis spp;Calamaritos;Wülker, 1920;OUW;32104XXXXX;57060104;
30166;Loligo spp;Calamares;Schneider, 1784;SQC;32104001XX;57060101;
30167;Loligo vulgaris;Calamar;Lamarck, 1798;SQR;3210400109;5706010105;
30169;Loligo forbesii;Calamar veteado;Steenstrup, 1857;SQF;3210400113;;
30170;Todaropsis eblanae;Volador costeño;(Ball, 1841);TDQ;3210501101;5707150801;
30171;Ommastrephidae;Potas y voladores;Steenstrup, 1857;OMZ;32105XXXXX;570715;
30172;Sthenoteuthis pteropus;Pota alada;(Steenstrup, 1855);OFE;32105XXXXX;;
30175;Illex spp;Potas;Steenstrup, 1880;ILL;32105010XX;57071503;
30177;Illex coindetii;Pota;(Vérany, 1839);SQM;3210501002;;
30179;Todarodes spp;Voladores;Steenstrup, 1880;QSX;32105058XX;57071501;
30180;Ommastrephes spp;;d´Orbigny, 1835;OMM;32105003XX;57071504;
30181;Todarodes sagittatus;Volador;(Lamarck, 1798);SQE;3210505801;5707150102;
30182;Martialia hyadesi;Calamar estrellado;Rochebrune et Mabille, 1889;SQS;3210506001;;
30183;Octopodidae;Pulpos;d´Orbigny, 1845;OCT;32109XXXXX;570801;
30184;Choromytilus chorus;;(Molina, 1782);CHC;3161002601;;
30185;Octopus spp;Pulpos de roca;Cuvier, 1797;OCZ;32109005XX;57080102;
30186;Octopus salutii;;Vérany, 1836;OQT;3210900523;;
30187;Octopus macropus;Pulpo patudo;Risso, 1826;OCN;3210900506;5708010206;
30188;Octopus vulgaris;Pulpo de roca;Cuvier, 1797;OCC;3210900507;5708010202;
30189;Eledone cirrhosa;Pulpo blanco;(Lamarck, 1798);EOI;32109024XX;;
30190;Eledone moschata;Pulpo almizclado;(Lamarck, 1798);EDT;3210902402;;
30191;Eledone spp;Pulpos blancos;Leach, 1817;OCM;32109024XX;57080105;
30192;Histioteuthis reversa;Joyeluria;(Verrill, 1880);HQS;3211101505;;
30193;Opisthoteuthis agassizii;;Verrill, 1883;;32109XXXXX;;
30194;Teuthoida;;Naef, 1916;SQU;32199XXXXX;;
30196;Bathypolypus sponsalis;Púlpito globoso;(P. Fischer et H.Fischer, 1892);YYS;3210903702;;
30197;Colus gracilis;;(Da Costa, 1778);;305XXXXXXX;5105050333;
30198;Charonia lampas;Cuerno;(Linnaeus, 1758);KVX;305XXXXXXX;;
30199;Euspira fusca;Lunero marrón;(Blainville, 1825);UTF;3071700402;;
30200;Coralliophila spp;;H. et A. Adams, 1853;;307XXXXXXX;51050201;
30201;Colus spp;;Röding, 1798;;305XXXXXXX;51050503;
30203;Neopycnodonte cochlear;;(Poli, 1795);NPQ;317XXXXXXX;;
30204;Euspira catena;;(Da Costa, 1778);UNQ;3071700401;;
30205;Glossus humanus;Corazón;(Linnaeus, 1758);GQH;3160300101;;
30206;Pteroctopus tetracirrhus;;(delle Chiaje, 1830);OCJ;3210906201;;
30207;Colus jeffreysianus propinquus;;(Alder, 1848);;305XXXXXXX;;
30209;Scaphander lignarius;;(Linnaeus, 1758);;305XXXXXXX;5110040304;
30212;Glycymeris glycymeris;Almendra de mar;(Linnaeus, 1758);GKL;3161300102;;
30214;Calliostoma zizyphinum;;(Linnaeus, 1758);KOZ;3070400305;5102100111;
30215;Bathypolypus spp;;Grimpe, 1921;;32109XXXXX;57080103;
30216;Bivalvia;Moluscos bivalvos;Linnaeus, 1758;CLX;399XXXXXXX;55;
30217;Colus jeffreysianus;;(Fischer, 1868);;305XXXXXXX;5105050334;
30218;Limacinidae;;Blainville, 1823;;;;
30220;Coralliophila squamosa;;(Bivona, 1838);;307XXXXXXX;;
30222;Opistobranchia;;H. Milne-Edwards, 1848;;305XXXXXXX;;
30231;Scaeurgus unicirrhus;;(delle Chiaje, 1840);UGU;3210906001;5708010801;
30236;Scaphopoda;Colmillos de mar;Bronn, 1862;;399XXXXXXX;56;
30238;Sepiida;;Zittel, 1895;;32102XXXXX;;
30241;Sepiolidae;Globitos;Leach, 1817;;32102XXXXX;570402;
30242;Sepietta spp;;Naef, 1912;;32102XXXXX;57040204;
30248;Architeuthidae;;Pfeffer, 1900;;32199XXXXX;570701;
30249;Nassariidae;;Iredale, 1916;;305XXXXXXX;;
30251;Histioteuthidae;;Verrill, 1881;;32199XXXXX;570711;
30270;Stauroteuthidae;;Grimpe, 1916;;32109XXXXX;570811;
30271;Paphia aurea;Almeja dorada;(Gmelin, 1791);VNA;;;
30273;Lutraria lutraria;Arola;(Linnaeus, 1758);UTL;3161200301;;
30285;Cymatiidae;Cornetas;Iredale, 1915;;305XXXXXXX;510378;
30287;Ovulidae;;Fleming, 1828;;305XXXXXXX;;
30290;Phasianellidae;;Swainson, 1840;;305XXXXXXX;510214;
30302;Nudibranchia;;Cuvier, 1817;;305XXXXXXX;;
30303;Buccinidae;;Rafinesque, 1815;;305XXXXXXX;510504;
30305;Pinna nobilis;Nácar;Linnaeus, 1758;PQB;3163700201;;
30314;Patella vulgata;Lapa;Linnaeus, 1758;QTV;3071900109;;
30318;Trochidae;;Rafinesque, 1815;;305XXXXXXX;510210;
30319;Cassidae;;Latreille, 1825;;305XXXXXXX;510377;
30334;Montacutidae;;Clark, 1852;;399XXXXXXX;;
30337;Pinnidae;;Leach, 1819;;316XXXXXXX;550702;
30343;Turritellidae;;Lamarck, 1799;;305XXXXXXX;510333;
30344;Venerupis spp;;Lamarck, 1818;VEN;31611003XX;;
30347;Scrobicularia plana;Almeja de perro;(Da Costa, 1778);OBN;3164800101;;
30348;Gibbula spp;Burgaillos;Risso, 1826;;305XXXXXXX;;
30349;Patellidae;;Rafinesque, 1815;;399XXXXXXX;;
30350;Patella spp;Lapas;Linnaeus, 1758;LPZ;30719001XX;;
30351;Anomia ephippium;Ostra brava;Linnaeus, 1758;NOQ;3162000201;;
30352;Arctica islandica;Concha oceánica;Schumacher, 1817;CLQ;3160904501;;
30353;Laevicardium crassum;Almeja dentada;(Gmelin, 1791);LVC;3162300801;;
30354;Octopus defilippi;;Vérany, 1851;OQD;3210900512;;
30355;Dosinia spp;Relojes;Scopoli, 1777;DSZ;31611XXXXX;;
30356;Abralia veranyi;Calamarín negro;(Rüppell, 1844);BLJ;3211302002;;
30357;Aequipecten opercularis;Volandeira;(Linnaeus, 1758);QSC;3160800105;;
30362;Phalium saburon;Yelmo;(Bruguière, 1791);FMS;3071100103;;
30363;Venus casina;Almeja casera;Linnaeus, 1758;KFA;3161100802;;
30372;Mytilus spp;Mejillones;Linnaeus, 1758;MYV;31610001XX;;
30374;Ensis siliqua;Muergo;(Linnaeus, 1758);EQI;3161600505;;
30376;Tellina spp;Tellinas;Linnaeus, 1758;TWL;31642002XX;;
30377;Gastrana fragilis;;(Linnaeus, 1758);GTG;3164200401;;
30384;Acanthocardia spp;;Gray, 1851;;31709XXXXX;;
30398;Ancistrocheirus lesueuri;;(Férussac et d´Orbigny, 1835);NKL;32199XXXXX;;
30403;Dosinia exoleta;Reloj;(Linnaeus, 1758);DSX;3161109605;;
30414;Calliostoma spp;;Swainson, 1840;;;;
30420;Nassarius spp;Margaritas;Duméril, 1806;NBX;30733002Xx;;
30428;Anomia spp;;Linnaeus, 1758;NLX;31620002XX;;
30430;Histioteuthis spp;;d´Orbigny, 1848;;32111015XX;;
30446;Gibbula cineraria;Carraquela;(Linnaeus, 1758);;305XXXXXXX;;
30447;Patella ulyssiponensis;;Bean, 1844;LQY;3071900106;;
30465;Armina maculata;;Rafinesque, 1814;;;;
30468;Alloteuthis africana;Calamarín africano;Adam, 1950;OUK;3210401303;;
30471;Aplysia spp;Liebres de mar;Linnaeus, 1767;;305XXXXXXX;;
30475;Tethyididae;;Rafinesque, 1815;;305XXXXXXX;;
30503;Spisula subtruncata;;(Da Costa, 1778);ULT;3161202006;;
30505;Turritella communis;;Risso, 1826;UTO;3073400101;;
30510;Cymbuliidae;;Gray, 1840;;305XXXXXXX;;
30511;Cymbulia peronii;;De Blainville, 1818;;305XXXXXXX;;
30534;Aplysia punctata;Liebre de mar;Cuvier, 1803;;305XXXXXXX;;
30538;Armina tigrina;;Rafinesque, 1814;;;;
30539;Astarte sulcata;;(da Costa, 1778);;;;
30552;Cuspidaria spp;;Nardo, 1840;;;;
30561;Epitonium clathrus;;(Linnaeus, 1758);;;;
30570;Gastropteron rubrum;;(Rafinesque, 1814);;;;
30582;Lutraria spp;;Lamarck, 1799;UQX;;;
30607;Venus nux;Almeja de fondón;Gmelin, 1791;VNU;;;
30613;Timoclea ovata;;(Pennant, 1777);;;;
30641;Corbula gibba;;(Olivi, 1792);;;;
30645;Clausinella fasciata;;(Da Costa, 1778);;;;
30762;Doris verrucosa;;Linnaeus, 1758;;;;
30763;Aperiovula adriatica;;(Sowerby, 1828);;;;
30768;Pinna spp;;Linnaeus, 1758;IDX;;;
30769;Taonius pavo;;(Lesueur, 1821);;;;
30786;Haliphron atlanticus;;Steenstrup, 1861;;;;
30787;Neptunea despecta;;(Gmelin, 1791);;;;
30789;Pseudamussium septemradiatum;;(O.F. Müller, 1776);;;;
30820;Delectopecten vitreus;;(Gmelin, 1791);;;;
30823;Troschelia berniciensis;;(King, 1846);;;;
30824;Emarginula crassa;;Sowerby, 1813;;;;
30825;Murex spp;;Linnaeus, 1758;MUE;;;
30826;Archidoris spp;;Bergh, 1878;;;;
30834;Callumbonella suturalis;;(Philippi, 1836);;;;
30852;Comarmondia gracilis;;(Montagu, 1803);;;;
30859;Palliolum tigerinum;;(O. F. Müller, 1776);;;;
30861;Colus islandicus;;(Mohr, 1786);;;;
30863;Nassarius ovoideus;;(Locard, 1886);;;;
30872;Arcopagia balaustina;;(Linnaeus, 1758);;;;
30887;Limopsis aurita;;(Brocchi, 1814);;;;
30895;Lunatia spp;;Gray 1847;;;;
30896;Neopycnodonte spp;;Stenzel, 1971;;;;
30899;Argobuccinum argus;Bocina  palo;Gmelin,1791;AZG;;;
30975;Liocranchia reinhardtii;;(Steenstrup, 1856);;;;
30978;Calyptoconcha pellucida;;(A. E. Verrill, 1880);;;;
31004;Liomesus ovum;;(Turton, 1825);;;;
31084;Octopoteuthis spp;;Rüppell, 1844;;;;
31134;Mimachlamys varia;Zamburiña;(Linnaeus, 1758);VSC;3160803602;5509050110;
33333;Mollusca;;(Linnaeus, 1758);MOL;;;
40000;Paracentrotus spp;;Mortensen, 1903b;;;;
40001;Centrostephanus longispinus;Eriza blanca;Philippi, 1845;;689XXXXXXX;;
40002;Echinocardium flavescens;;O. F. Müller, 1776;;693XXXXXXX;8163030102;
40003;Holothuria polii;;delle Chiaje, 1823;;694XXXXXXX;;
40004;Thyone fusus;;O. F. Müller, 1776;;689XXXXXXX;8172060505;
40005;Ophiothrix luetkeni;;W. Thompson, 1873;;691XXXXXXX;;
40006;Laetmogone violacea;;Theel, 1882;;689XXXXXXX;8176020202;
40007;Laetmogonidae;;;;;;
40008;Luidia spp;;Forbes, 1839;;691XXXXXXX;;
40009;Asteronyx loveni;;Müller et Troschel, 1842;AVZ;691XXXXXXX;8125010101;
40010;Astropecten irregularis;;(Linck, 1733);AVC;691XXXXXXX;8106010508;
40011;Brissopsis lyrifera;;(Forbes, 1841);;693XXXXXXX;8163010303;
40012;Hymenodiscus coronata;;(Sars G.O., 1872);;691XXXXXXX;8118010203;
40013;Leptometra celtica;;(M'Andrew & Barrett, 1857);OVQ;689XXXXXXX;8191010701;
40014;Phormosoma placenta;;W. Thompson, 1872;;693XXXXXXX;8141010501;
40015;Psilaster andromeda;;(Müller et Troschel, 1842);;691XXXXXXX;8106010304;
40016;Ophiura albida;;Forbes, 1839;;691XXXXXXX;8127010612;
40018;Amphipholis squamata;;(delle Chiaje, 1823);;691XXXXXXX;8129030202;
40019;Coscinasterias tenuispina;;(Lamarck, 1816);;691XXXXXXX;8117031901;
40021;Ophiothrix fragilis;;(Abildgraad, 1789);;691XXXXXXX;;
40022;Nymphaster arenatus;;(Perrier, 1881);;691XXXXXXX;8111041101;
40023;Porania pulvillus;;O. F. Müller, 1776;;689XXXXXXX;8114030302;
40025;Ophiura ophiura;;Linnaeus, 1758;;691XXXXXXX;;
40026;Luidia sarsi;;Duben-Kore, 1846;;691XXXXXXX;8105010105;
40027;Leptopentacta tergestina;;(M. Sars, 1857);;694XXXXXXX;;
40028;Echinocardium cordatum;;(Pennant, 1777);;691XXXXXXX;8163030101;
40030;Ophiura texturata;;Lamarck, 1816;;691XXXXXXX;8127010614;
40031;Astropecten aranciacus;;(Linnaeus, 1758);;691XXXXXXX;;
40032;Echinocardium spp;;Gray, 1825;;693XXXXXXX;;
40033;Amphiura chiajei;;Forbes, 1843;;691XXXXXXX;8129031005;
40034;Stichastrella rosea;;O. F. Müller, 1776;;691XXXXXXX;;
40035;Stichopus spp;;Brandt, 1835;;69414004XX;;
40037;Chaetaster longipes;;(Retzius, 1805);;689XXXXXXX;;
40038;Cidaris cidaris;;(Linnaeus, 1758);;693XXXXXXX;8138010402;
40039;Sclerasterias guernei;;(Perrier, 1881);;691XXXXXXX;;
40040;Echinus spp;;Linnaeus, 1758;;69304014XX;;
40041;Asteroidea;Estrellas de mar;De Blainville, 1830;STF;691XXXXXXX;8104;
40042;Tethyaster subinermis;;(Philippi, 1837);;694XXXXXXX;;
40043;Asterias rubens;Estrella de mar roja;(Linnaeus, 1758);STH;6910500101;8117030205;
40044;Echinoidea;Erizos de mar;Leske, 1778;URX;693XXXXXXX;8136;
40045;Psammechinus miliaris;;Gmelin, 1788;KIT;6930400102;8149010301;
40046;Strongylocentrotus spp;;Brandt, 1835;URC;69302004XX;81490302;
40048;Paracentrotus lividus;Erizo marino;Lamarck, 1816;URM;6930400701;8149010101;
40049;Echinus esculentus;Erizo europeo;Linnaeus, 1758;URS;6930401401;8149010202;
40050;Echinus melo;;Lamarck, 1816;UTJ;6930401498;8149010203;
40051;Echinus acutus;;Lamarck, 1816;USD;69304014XX;8149010201;
40052;Astropecten spp;;Gray, 1840;;691XXXXXXX;;
40053;Holothuroidea;Cohombros de mar;De Blainville, 1834;CUX;694XXXXXXX;;
40055;Holothuria (Panningothuria) forskali;Cohombro negro;delle Chiaje, 1823;UVB;694XXXXXXX;8175010125;
40058;Parastichopus tremulus;Cohombro rojo;(Gunnerus, 1767);TVK;69414004XX;8175020201;
40059;Parastichopus regalis;Espardeña;(Cuvier, 1817);JCR;6941400404;8175020203;
40062;Luidia ciliaris;;(Philippi, 1837);;691XXXXXXX;;
40063;Marthasterias glacialis;;(Linnaeus, 1758);;691XXXXXXX;8117031701;
40064;Ophidiaster ophidianus;;(Lamarck, 1816);;691XXXXXXX;8111060402;
40065;Spatangus purpureus;;(O. F. Müller, 1776);;693XXXXXXX;8163020101;
40066;Holothuria spp;;Linnaeus, 1767;;694XXXXXXX;;
40067;Antedon bifida;;(Pennant, 1777);OVA;689XXXXXXX;;
40070;Astropecten platyacanthus;;(Philippi, 1837);;691XXXXXXX;;
40072;Echinaster sepositus;;(Retzius, 1805);;693XXXXXXX;8114040303;
40073;Ophiothrix spp;;Muller et Troschel, 1840;;691XXXXXXX;;
40076;Ophiocomina nigra;;(Abildgraad, 1789);;691XXXXXXX;8127030201;
40079;Sphaerechinus granularis;Erizo violáceo;(Lamarck, 1816);FKG;6930800101;8148020501;
40080;Antedon mediterranea;;(Lamarck, 1816);;683XXXXXXX;;
40081;Ophioderma longicauda;;(Retzius, 1805);;691XXXXXXX;;
40082;Anseropoda placenta;;(Pennant, 1777);AVG;691XXXXXXX;8114010301;
40083;Crinoidea;Lirios de mar;;CWD;695XXXXXXX;;
40084;Ophiocten sericeum;;(Forbes, 1843);;691XXXXXXX;;
40085;Ophiuroidea;;Gray, 1840;OWP;692XXXXXXX;;
40089;Leptometra phalangium;;(J. Müller, 1841);ECH;698XXXXXXX;;
40092;Molpadiidae;;J. Müller, 1841;;694XXXXXXX;;
40093;Molpadia musculus;;Risso, 1826;MZH;694XXXXXXX;;
40097;Echinidae;;Gray, 1825;;693XXXXXXX;;
40098;Trachythyone elongata;;(Duben et Koren, 1844);;;;
40099;Trachythyone tergestina;;(M. Sars, 1857);;;;
40100;Holothuriidae;;Ludwig, 1834;;694XXXXXXX;;
40106;Synaptidae;;Burmeister, 1837;X;694XXXXXXX;;
40110;Astropectinidae;;Gray, 1840;;691XXXXXXX;;
40116;Poraniidae;;Perrier, 1894;;691XXXXXXX;;
40119;Asteriidae;;Gray, 1840;;691XXXXXXX;;
40129;Ophiuridae;;Müller et Troschel, 1840;;691XXXXXXX;;
40145;Cucumaria spp;;Blainville, 1830;;694XXXXXXX;;
40149;Ophiura spp;;Lamarck, 1801;;691XXXXXXX;;
40153;Porania spp;;Gray, 1840;;689XXXXXXX;;
40158;Sphaerodiscus placenta;;(Müller et Troschel, 1842);;691XXXXXXX;;
40165;Leptosynapta inhaerens;;(O. F. Müller, 1776);;;;
40168;Odontaster mediterraneus;;(Marenzeller, 1891);;;;
40170;Spatangus spp;;Gray, 1825;;;;
40177;Leptosynapta bergensis;;(Ostergren, 1905);;;;
40218;Araeosoma spp;;Mortensen 1903;;;;
40219;Brisinga endecacnemos;;Asbjornsen, 1856;;;;
40220;Scotoplanes spp;;Théel, 1882;;;;
40221;Porania (Pseudoporania) stormi;;(Dons, 1935);;;;
40223;Pontaster tenuispinus;;(Düben & Koren, 1846);;;;
40224;Henricia sanguinolenta;;(O. F. Müller, 1776);;;;
40226;Pseudarchaster gracilis;;(Sladen, 1889);;;;
40227;Chondraster spp;;Verrill, 1895;;;;
40229;Echinocardium fenauxi;;Pequignat, 1963;;;;
40235;Pseudarchaster parelii;;(Düben & Koren, 1846);;;;
40237;Pseudoporania stormi;;(Dons, 1935);;;;
40239;Echinus alexandri;;Danielssen & Koren, 1883;;;;
40243;Pterasteridae;;Perrier, 1875;;;;
40279;Henricia spp;;Gray, 1840;;;;
40280;Araeosoma hystryx;;Mortensen, 1927;;;;
40297;Echiuridae;;;;;;
40321;Gracilechinus acutus;;(Lamarck, 1816);USD;69304014XX;8149010201;
40323;Ceramaster spp;;Verrill, 1899 ;;;;
40325;Plinthaster dentatus;;(Perrier, 1884);;;;
50000;Tharyx spp;;Webster and Benedict, 1887;;;;
50001;Animalia;Animales marinos;Linnaeus, 1758;;;;
50003;Glycera spp;;Savigny, 1818;;64905012XX;;
50005;Marphysa spp;;Quatrefages, 1865;;;;
50007;Hirudinea;Sanguijuelas;Lamarck, 1818;;;;
50010;Nereis spp;;Linnaeus, 1758;;;;
50011;Eunice spp;;Rafinesque, 1815;FXX;;;
50017;Polychaeta;Poliquetos;Grube, 1850;WOR;649XXXXXXX;5001;
50018;Aphrodita aculeata;Ratón;Linnaeus, 1761;AKW;697XXXXXXX;;
50031;Nephtys spp;;Cuvier, 1817;;;;
50042;Sipunculidae;;Rafinesque, 1814;;65301XXXXX;720001;
50045;Lanice conchilega;;(Pallas, 1766);;;;
50056;Serpula vermicularis;;Linnaeus, 1767;;;5001730401;
50170;Hyalinoecia tubicola;;(O. F. Müller, 1776);HVL;;5001290501;
50180;Lumbrineris impatiens;Gusano gavilán;(Claparède, 1868);UBI;6490702702;5001310115;
50244;Pseudopotamilla reniformis;;(Bruguière, 1789);;;5001700609;
50248;Protula spp;;Montagu, 1804;;;50017311;
50297;Serpulidae;;Johnston, 1865;SZS;;500173;
50301;Polynoidae;;Malmgren, 1867;;;500102;
50302;Aphroditidae;;Malmgren, 1867;;;500101;
50303;Sigalionidae;;Malmgren, 1867;;;500106;
50314;Sipunculus nudus;Tita;Linnaeus, 1767;SIU;6530100701;7200010101;
50315;Sabella pavonina;;Savigny, 1922;;;;
50319;Hesionidae;;Sars, 1862;;;;
50342;Maldanidae;;Malmgren, 1867;;;;
50345;Sipunculus spp;;;;;;
50348;Protula tubularia;;(Montagu, 1803);;;;
50351;Sternaspis scutata;;(Ranzani, 1817);;;;
50353;Pontobdella muricata;Sanguijuela;(Linnaeus, 1758);;;;
50387;Sabellaria spp;;Savigny, 1818;;;;
50535;Hydroides dianthus;;(Verrill, 1873);;;;
50567;Flabelligeridae;;Saint-Joseph, 1894;;;;
50578;Laetmonice filicornis;;Kinberg,1955;;;;
50579;Laetmonice spp;;Kinberg, 1855;;;;
50580;Terebellides stroemi;;Sars, 1835;;;;
50585;Hydroides norvegica;Gusana de flor;Gunnerus, 1768;;;;
50588;Chloeia venusta;;Quatrefages, 1865;;;;
50591;Eunereis longissima;;(Johnston, 1840);;;;
50593;Sthenelais limicola;;(Ehlers, 1864);;;;
50595;Harmothoe extenuata;;(Grube, 1840);;;;
50596;Phyllodoce laminosa;;Savigny, 1818;;;;
50601;Turbellaria;;;;;;
50604;Hyalinoecia spp;;Malmgren, 1867;;;;
50626;Pectinaria spp;;Savigny, 1818;;;;
60000;Gorgonacea;;Lamouroux, 1816;;;;
60001;Petrosia dura;;(Wilson, 1902);;;;
60002;Ascidiacea;Ascidias;(Blainville, 1824);SSX;696XXXXXXX;8401;
60003;Hydroidolina;;Collins & Marqués, 2004;;697XXXXXXX;;
60004;Coralliidae;Corales;Lamouroux, 1812;;;;
60005;Spongiidae;;Gray, 1867;SPO;61501XXXXX;366101;
60006;Rhopilema spp;;Haeckel, 1880;JEL;61841007XX;37370402;
60009;Pennatula spp;;Linnaeus, 1758;;;37540201;
60010;Actinauge richardi;;(Marion, 1882);KKL;697XXXXXXX;3760040403;
60015;Sagitta lyra;;Krohn, 1853;;;8308010801;
60030;Sagitta zetesios;;Fowler, 1905;;;8308011002;
60031;Caryophyllia (Caryophyllia) smithi;Clavel de mar;Stokes et Bonderip, 1828;;;;
60035;Hoplangia durotrix;;Gosse, 1860;;;;
60045;Acanthogorgia hirsuta;;(Gray, 1875);;;3751020104;
60046;Eunicella verrucosa;;(Pallas, 1766);;;;
60050;Callogorgia verticillata;;(Pallas, 1766);;;3751090302;
60054;Alcyonium digitatum;Mano de muerto;Linnaeus, 1758;;;3747020101;
60059;Acryptolaria conferta;;(Allman, 1877);;;3704020801;
60062;Campanularia hincksi;;(Alder, 1856);;;;
60065;Sertularella gayi;;(Lamouroux, 1821);;;3704050219;
60071;Nemertesia ramosa;;(Lamouroux, 1816);;;3704070711;
60076;Parerythropodium coralloides;;(Pallas, 1766);;;;
60080;Dendrophyllia cornigera;;(Lamarck, 1816);;;3769010314;
60082;Veretillum cynomorium;;(Pallas, 1766);;899XXXXXXX;;
60084;Pteroeides griseum;;Linnaeus, 1767;;899XXXXXXX;;
60085;Funiculina quadrangularis;;(Pallas, 1766);FQJ;;;
60089;Periphylla spp;;Haeckel, 1880;;899XXXXXXX;37330601;
60091;Pennatula rubra;;(Ellis, 1764);;;;
60100;Aplidium pallidum;;(H. Milne-Edwards, 1841);;;8403021001;
60133;Diazona violacea;;Savigny, 1816;;;8404020201;
60139;Corella parallelogramma;;(O. F. Müller, 1776);;399XXXXXXX;8404040203;
60140;Ascidiidae;;(Sluiter, 1895);;;840405;
60143;Ascidia spp;;Linnaeus, 1767;;;84040501;
60150;Phallusia mammillata;;(Cuvier, 1815);;;8406011101;
60173;Botryllus schlosseri;;(Pallas, 1766);;;8406010701;
60184;Pyura tessellata;;(Forbes, 1848);;;8406020105;
60229;Tethya aurantium;;(Pallas, 1766);;;3667030104;
60236;Axinella polypoides;;Schmidt, 1862;;;;
60237;Phakellia ventilabrum;;(Linnaeus, 1767);;;3665010901;
60256;Desmacidon fruticosum;;(Montagu, 1818);;;;
60265;Haplosclerida;;Topsent, 1928;;;3663;
60267;Petrosia (Petrosia) ficiformis;;(Poiret, 1789);;;;
60272;Hydrozoa;Hidropólipos, Hidromedusas;Owen, 1843;HQZ;;3701;
60273;Calliactis parasitica;;(Couch, 1838);KKK;6190900101;3760040102;
60279;Aurelia aurita;Agua mala;(Linnaeus, 1758);AJQ;6180100101;3734030201;
60285;Plumulariidae;;Hincks, 1868;;;370407;
60290;Anthozoa;;Ehrenberg, 1831;AJH;;3740;
60291;Octocorallia;;Haeckel, 1866;;;3744;
60292;Hexacorallia;;;;;3755;
60294;Reteporella beaniana;;(King, 1846);;899XXXXXXX;7816150501;
60297;Crisiidae;;Johnston, 1847;;;780901;
60316;Actinia spp;;Linnaeus, 1758;;;;
60347;Veretillum spp;;Cuvier, 1798;;899XXXXXXX;;
60409;Alcyonidium spp;;Lamouroux, 1813;;;;
60423;Nemertesia spp;;Lamouroux, 1812;;;37040707;
60425;Geodia spp;;Lamarck, 1815;;;36680301;
60432;Cliona spp;;Grant, 1826;;;36660601;
60442;Sertularella spp;;Gray, 1848;;;;
60449;Acanthogorgia spp;;Gray, 1857;;;37510201;
60451;Caryophyllia spp;;Zibrowius, 1980;;;37680101;
60458;Alcyonium spp;;Linnaeus, 1758;;;37470201;
60462;Axinella spp;;Schmidt, 1862;;;36650101;
60466;Phakellia spp;;Bowerbank, 1864;;;36650111;
60497;Cerianthus spp;;delle Chiaje, 1830;;;;
60498;Dendrophyllia ramea;;(Linnaeus, 1758);;;;
60499;Epizoanthus spp;Anemona;Gray, 1867;;;;
60500;Scyphozoa;Medusas;;SZY;;3702;
60501;Epizoanthus paguriphilius;;Verrill, 1883;;;;
60503;Salpa spp;;Forsskal, 1775;;;;
60504;Salpidae;;(Franstedt, 1885);SPX;69701XXXXX;8411;
60507;Pyrosoma atlanticum;;Péron, 1804;QBJ;;;
60508;Thenea muricata;;(Bowerbank, 1858);;;;
60510;Gryphus vitreus;;(Born, 1778);;;;
60514;Alcyonium palmatum;;Pallas, 1766;;;;
60517;Pteroeides spinosum;;(Ellis, 1764);;899XXXXXXX;;
60519;Rhizostoma pulmo;;(Macri, 1778);;;;
60520;Salpa maxima;;Forsskal, 1775;;;;
60522;Suberites domuncula;;(Olivi, 1792);;;;
60525;Hexactinellida;;(Schmidt, 1870);HXY;;;
60527;Pheronema grayi;;Kent, 1870;;;;
60528;Actiniaria;;;ATX;;;
60529;Adamsia carciniopados;;(Otto, 1823);;;;
60540;Astrophorida;;Lévi, 1973;;;;
60546;Soestia zonaria;;(Pallas, 1774);;;;
60550;Pennatula aculeata;;Danielssen, 1860;QAC;;;
60559;Suberites spp;;Nardo, 1833;;;;
60598;Clytia hemisphaerica;;(Thornely, 1900);;;;
60603;Gorgoniidae;Gorgonias;Lamouroux, 1812;GGW;;;
60611;Actiniidae;Actinias;Rafinesque, 1815;;;;
60612;Epizoanthidae;Anémonas;Gray, 1867;;;;
60614;Virgulariidae;;Verrill, 1868;;;;
60624;Demospongiae;;Sollas, 1885;DMO;;;
60629;Pennatulidae;;Ehrenberg, 1834;;;;
60633;Sagartiidae;;(Gosse, 1858);;;;
60637;Antennella secundaria;;(Gmelin, 1791);;;;
60681;Thalia democratica;;(Forsskal, 1775);;;;
60684;Salpa aspera;;Chamisso, 1819;;;;
60690;Semaeostomeae;;;;;;
60708;Eunicella spp;;Verrill, 1865;;;;
60725;Pteroeides spp;;Herklots, 1858;;;;
60726;Cliona celata;;(Grant, 1826);;;;
60727;Pelagia noctiluca;;(Forsskal, 1775);;;3734010301;
60728;Plumularia spp;;Lamarck, 1815;;899XXXXXXX;37040701;
60729;Lytocarpia myriophyllum;;(Linnaeus, 1758);;;;
60733;Rhizaxinella pyrifera;;delle Chiaje, 1828;;899XXXXXXX;;
60769;Pennatula phosphorea;;Linnaeus, 1758;QAF;;;
60777;Megerlia truncata;;Linnaeus, 1767;;;;
60780;Chalinidae;;Gray, 1867;;;;
60812;Funiculina spp;;Lamarck, 1816;;;;
60824;Flabellum alabastrum;;Moseley, 1876;FLQ;;;
60827;Lophelia pertusa;Coral araña;(Linnaeus, 1758);LWS;;;
60829;Madrepora oculata;;Linnaeus, 1758;MVI;;;
60835;Stylasteridae;;Gray, 1847;AXT;;;
60836;Stylaster spp;;Gray, 1831;;;;
60838;Aphrocallistes bocagei;;Schulze, 1886;;;;
60839;Dendrophyllia spp;;Blainville, 1830;;;;
60840;Desmophyllum dianthus;;(Esper, 1794);DEJ;;;
60843;Aglaophenia elongata;;Meneghini, 1845;;;;
60845;Cnemidocarpa verrucosa;;(Lesson, 1830);YKV;;;
60846;Cerianthus lloydii;;Gosse, 1859;;;;
60848;Chelophyes appendiculata;;(Eschscholtz, 1829);;;;
60849;Bathypathes patula;;Brook,1889;;;;
60851;Sycon ciliatum;;(Fabricius, 1870);;;;
60853;Parazoanthus spp;;Haddon and Shackleton,1891;;;;
60854;Swiftia pallida;;Madsen,1970;;;;
60855;Antipatharia;;;AQZ;;;
60858;Epizoanthus incrustatus;;von Duben & Koren,1847;;;;
60859;Isidella spp;;Gray, 1857;;;;
60860;Geodiidae;;Gray, 1867;;;;
60864;Pennatulacea;;Verrill, 1865;NTW;;;
60872;Polyplumaria flabellata;;(Sars, 1873);;;;
60874;Diphasia alata;;(Hincks, 1855);;;;
60879;Plumularia setacea;;(Linnaeus, 1758);;;;
60880;Hydractinia echinata;;Fleming, 1823;;;;
60881;Calliactis spp;;Verrill, 1869;;;;
60883;Cerebratulus spp;;Renier, 1804;;;;
60897;Asconema setubalense;;Kent, 1870;;;;
60907;Flabellum spp;;Lesson, 1832;FIX;;;
60909;Acanella arbuscula;;(Johnson, 1862);;;;
60919;Pennatula grandis;;Ehrenberg, 1834;;;;
60922;Acanella spp;;Gray, 1870;KQL;;;
60925;Tentorium spp;;Vosmaer, 1887;;;;
60928;Phelliactis spp;;Simon, 1892;;;;
60934;Umbellula spp;;Gray, 1870;;;;
60937;Bolocera spp;;Gosse, 1860;BVX;;;
60938;Geodia megastrella;;Carter, 1876;;;;
60971;Regadrella phoenix;Esponja de cristal;Schmidt, 1880;;;;
60972;Swiftia rosea;;(Grieg, 1887);;;;
60973;Ancorinidae;;Schmidt, 1870;;;;
60974;Phakellia robusta;;Bowerbank, 1866;;;;
60993;Edwardsiidae;;Andres, 1881;;;;
61022;Kophobelemnon stelliferum;;(Müller, 1776);;;;
61036;Stephanocyathus (Stephanocyathus) crassus;;(Jourdan, 1895);;;;
61037;Anthoathecata;;Cornelius, 1992;;;;
61039;Modeeria rotunda;;(Quoy & Gaimard, 1827);;;;
61040;Cladocarpus sigma;;(Allman, 1877);;;;
61041;Cryptolaria pectinata;;(Allman, 1888);;;;
61042;Zygophylax levinseni;;(Saemundsson, 1911);;;;
61043;Campanulina panicula;;G.O. Sars, 1874;;;;
61044;Pseudoplumaria marocana;;(Billard, 1930);;;;
61049;Hormathia spp;;Gosse, 1859;;;;
61050;Phelliactis hertwigi;;Simon, 1892;;;;
61095;Leiodermatium spp;;Schmidt, 1870 ;;;;
61098;Lithistida;;Schmidt, 1870;;;;
61099;Parantipathes spp;;Brook, 1889;;;;
61118;Placogorgia spp;;Wright & Studer, 1889;;;;
61119;Thouarella spp;;Gray, 1870;;;;
61129;Radicipes challengeri;;(Wright, 1885);;;;
70121;Laminaria spp;;Lamouroux;;;;
70650;Chlorophyceae;;Parker, 1982;SWG;741XXXXXXX;801;
70803;Rhodophyceae;;;SWR;787XXXXXXX;;
70874;Fucus spp;Fucus;Linnaeus;UCU;77106001XX;;
70880;Chondrus crispus;Alga perlada;(Linnaeus) Stackhouse, 1797;IMS;7871600104;;
70882;Codium tomentosum;;Stackhouse, 1797;KJT;7410400110;;
71042;Gelidium spp;Ocles;Lamouroux, 1813;GEL;78726002XX;;
71052;Phaeophyceae;Algas pardas;Wynne in Parker, 1982;SWB;771XXXXXXX;;
71069;Porphyra umbilicalis;Touca;(Linnaeus) Kutzing, 1843;OFH;7872000206;;
80010;Delphinus delphis;Delfín común;Linnaeus, 1758;DCO;4220400601;9218020601;DELP DEL
80076;Fulmarus glacialis;Fulmar boreal;(Linnaeus, 1761);FNO;;;
80077;Puffinus puffinus;Pardela pichoneta;(Brünnich, 1764);UIP;;;
90061;Rhizopoda;;;;;;
90062;Lobosa;;;;;;
99999;Sin asignar especie;;;;;;
